hanzi	pinyin	pos	hsk30	translation
爸	bà	N	1	отец, папа
白天	báitiān	N	1	днём, среди бела дня, дневное время
半年	bànnián		1	полгода; полугодие
半天	bàntiān		1	половина дня; полдня
帮	bāng	V	1	помогать, содействовать; пособлять
杯	bēi	M	1	чашка; чайная чашка; винная чарка, кубок
北	běi	N	1	север; направляться на север; на север
北边	běibian	N	1	север; северная сторона; районы севера
本子	běnzi	N	1	тетрадь; книга; том, тетрадь
别的	biéde	Pron	1	другой, иной, прочий; отдельный, особый
病	bìng	N/V	1	болезнь; болеть
病人	bìngrén	N	1	больной, пациент
不大	bùdà		1	небольшой, незначительный; не очень
不对	bùduì	Adj	1	неверно, неправильно, не так
不用	bùyòng	Adv	1	незачем, ни к чему, не надо, не стоит
常	cháng	Adv	1	часто; обычно
常常	chángcháng	Adv	1	часто; регулярно, постоянно
唱	chàng	V	1	петь; вести мелодию; запевать
车	chē	N	1	машина; повозка; транспорт
车票	chēpiào	N	1	проездной билет
车上	chēshang		1	в машине; в транспорте
车站	chēzhàn	N	1	станция, остановка, вокзал
吃饭	chīfàn		1	кушать, есть; поддерживать существование
出来	chūlái		1	выходить наружу; восходить; вылезать
出去	chūqù		1	выходить; выйти; вон!
床	chuáng	N	1	кровать, койка, лежанка; нары, ложе, одр
打	dǎ / dá	V/M/Prep	1	бить; играть (в мяч); делать
打车	dǎchē		1	взять такси; голосовать на дороге
打开	dǎkāi		1	открыть, распахнуть, раскрыть, отворить
打球	dǎqiú		1	играть в мяч
大学	dàxué	N	1	высшее учебное заведение, университет
大学生	dàxuéshēng	N	1	студент
得到	dédào		1	получить, обрести, добиться; извлечь
地点	dìdiǎn	N	1	пункт; точка; место
地上	dìshang		1	на земле; наземный; на полу
弟	dì	N	1	младший брат; младший
第	dì	Prefix	1	префикс порядковых числительных (第一, 第二)
第二	dìèr	Num	1	второй; во-вторых; второстепенный
电	diàn	N	1	электричество; электрический
电话	diànhuà	N	1	телефон; телефонный
电视机	diànshìjī	N	1	телевизор, телевизионный приёмник
电影院	diànyǐngyuàn	N	1	кинотеатр
东边	dōngbian	N	1	восточная сторона; восток; на востоке
动	dòng	V	1	двигаться, передвигаться, перемещаться
读书	dúshū		1	читать; учиться; заниматься
饭	fàn	N	1	еда, пища; кушанье; стол; варёный рис
饭店	fàndiàn	N	1	гостиница, отель; ресторан, столовая
房子	fángzi	N	1	дом, здание; комната, помещение; фанза
放假	fàngjià		1	отпуск, каникулы; распускать на каникулы
放学	fàngxué		1	закончить занятия, отпустить учеников
飞	fēi	V	1	летать; лететь
风	fēng	N	1	ветер; обычай, нравы; традиция
干什么	gànshénme		1	зачем?, для чего?; по какой причине?
哥	gē	N	1	старший брат
歌	gē	N	1	песня; петь
关上	guānshang		1	закрыть, запереть; выключить
国	guó	N	1	страна, государство, держава, государственный
国外	guówài		1	вне страны
还有	háiyǒu		1	ещё, ещё имеется, ещё есть
汉字	Hànzì	N	1	китайская письменность
好看	hǎokàn	Adj	1	приятный, красивый; хорошо выглядеть
好听	hǎotīng	Adj	1	мелодичный, благозвучный; приятный
好玩儿	hǎowánr	Adj	1	забавный, интересный; занимательный
后	hòu	N	1	после; позади; задний
后边	hòubian	N	1	задняя сторона; задняя грань
后天	hòutiān	N	1	послезавтра
话	huà	N	1	слова, выражения; высказывание, фраза
回到	huídào	V	1	возвратиться, вернуться
回家	huíjiā		1	возвращаться домой
回来	huílái		1	вернуться, возвратиться; назад!
回去	huíqù		1	возвратиться, вернуться; уйти домой
火车	huǒchē	N	1	поезд, железнодорожный состав
机票	jīpiào	N	1	билет на самолёт, авиабилет
记	jì	V	1	сохранять в памяти, помнить; припоминать
记住	jìzhù		1	запоминать, сохранять в памяти
家里	jiāli		1	в доме, дома; в семье; внутренняя часть
家人	jiārén	N	1	члены семьи, домашние
间	jiān	M	1	сч. слово для комнат; между; комната
见	jiàn	V	1	видеть; встречаться
教学楼	jiàoxuélóu	N	1	учебное здание, учебный корпус
姐	jiě	N	1	старшая сестра
今年	jīnnián	N	1	в этом году, этот год, в текущем году
进来	jìnlái		1	входить; войдите!; глагольный суффикс
进去	jìnqù		1	входить; глагольный суффикс
开车	kāichē		1	вести машину, ехать на машине; вождение
开会	kāihuì		1	открыть собрание; проводить собрание
看病	kànbìng		1	идти к врачу; лечить
看到	kàndào		1	увидеть; заметить
考	kǎo	V	1	сдавать экзамен; экзаменовать
课本	kèběn	N	1	учебник
课文	kèwén	N	1	текст к уроку; текст учебника; сочинение
来到	láidào	V	1	настать, наступить; прибыть, приходить
老人	lǎorén	N	1	пожилой человек, старик, старец
里边	lǐbian	N	1	внутри; внутренняя сторона
〇	líng	Num	1	нуль
楼上	lóushàng		1	верхний этаж; на верхнем этаже, наверху
楼下	lóuxià		1	внизу; нижний этаж
路口	lùkǒu	N	1	перекрёсток; начало улицы; конец улицы
路上	lùshang	N	1	на дороге; на улице; в пути, в дороге
妈	mā	N	1	мама, мать; няня, мамка, служанка
马路	mǎlù	N	1	проезжая дорога; мостовая; улица
没什么	méishénme		1	не имеет значения, не принципиально
没事儿	méishìr		1	ничего страшного; свободен, нет дел
没有	méiyǒu	V/Adv	1	не иметь, не обладать, нет, не имеется
妹	mèi	N	1	младшая сестра; сестричка, сестрёнка
门口	ménkǒu	N	1	дверной проем, вход; выход; подъезд
门票	ménpiào	N	1	входной билет
们	men	Suffix	1	суффикс множественного числа (我们, 朋友们)
朋友们	péngyoumen	N	1	друзья
面条儿	miàntiáor	N	1	лапша, вермишель
明年	míngnián	N	1	следующий год, будущий год
哪里	nǎlǐ	Pron	1	где, куда, откуда
哪儿	nǎr	Pron	1	где?, куда?
哪些	nǎxiē	Pron	1	которые; какие
那边	nàbiān	Pron	1	там; туда; та сторона
那里	nàlǐ	Pron	1	там; туда; тогда, то время, тот период
那儿	nàr	Pron	1	там; туда; тогда, то время, тот период
那些	nàxiē	Pron	1	те; эти
奶	nǎi	N	1	молоко; грудь; бабушка
男	nán	Adj	1	мужчина; мужской
男孩儿	nánháir	N	1	мальчик
男朋友	nánpéngyou	N	1	парень, бойфренд
男生	nánshēng	N	1	ученик; студент; парень
南边	nánbian	N	1	юг; южная сторона; районы юга; на юге
你们	nǐmen	Pron	1	вы
女	nǚ	Adj	1	женщина; женский
女孩儿	nǚháir	N	1	девочка, девчонка; дочка
女朋友	nǚpéngyou	N	1	девушка, подруга
女生	nǚshēng	N	1	ученица; студентка; девушка
跑	pǎo	V	1	бегать; бежать, нестись; ехать мчаться
起	qǐ	V	1	подниматься, вставать на ноги, выпрямляться
汽车	qìchē	N	1	автомобиль, автомашина; авто
前	qián	N	1	перед; впереди; прежний
前边	qiánbian	N	1	передний край; перёд; впереди
前天	qiántiān	N	1	позавчера; третьего дня
钱包	qiánbāo	N	1	кошелёк, портмоне
请进	qǐngjìn		1	Входите!; приглашать
请问	qǐngwèn	V	1	позвольте спросить; скажите, пожалуйста
请坐	qǐngzuò		1	просить сесть; прошу садиться
球	qiú	N	1	мяч; шар
肉	ròu	N	1	мясо; мясной; сорта мяса; мякоть
山	shān	N	1	гора; гористый; горный
商场	shāngchǎng	N	1	торговый центр, пассаж, универмаг
上边	shàngbian	N	1	верх, верхняя сторона; наверху; впереди
上车	shàngchē		1	садиться в машину, садиться в экипаж
上次	shàngcì		1	в прошлый раз; предыдущий
上课	shàngkè		1	ходить на занятия, посещать школу, учиться
上学	shàngxué		1	ходить в школу, ходить на занятия
身上	shēnshang	N	1	тело, корпус; на теле; при себе, с собой
事	shì	N	1	дело; событие
是不是	shìbushì		1	вопросительная связка есть ли?, является ли?
手	shǒu	N	1	рука, кисть руки, ладонь, руки; рука
书包	shūbāo	N	1	портфель для книг, школьный ранец
书店	shūdiàn	N	1	книжный магазин, книжная лавка, книготорговля
睡	shuì	V	1	спать; уснуть, засыпать, ночевать
说	shuō	V	1	говорить, разговаривать, беседовать
他们	tāmen	Pron	1	они; их
她们	tāmen	Pron	1	они
天	tiān	N/M	1	небо; день
听到	tīngdào		1	услышать; дослушать до
听见	tīngjiàn		1	слышать; услышать
听写	tīngxiě	V	1	писать под диктовку; диктант
外边	wàibian	N	1	внешняя сторона; поверхность; край
外国	wàiguó	N	1	иностранное государство, зарубежные страны
外语	wàiyǔ	N	1	иностранный язык
玩儿	wánr	V	1	играть, развлекаться; шутить
晚	wǎn	Adj	1	поздний, запоздалый
晚饭	wǎnfàn	N	1	ужин
网上	wǎngshang		1	интернет; онлайн, в сети; на сайте
网友	wǎngyǒu	N	1	друг в Интернете, сетевой друг, френд
忘	wàng	V	1	забывать; не помнить; упускать
午饭	wǔfàn	N	1	обед, полдник
西边	xībian	N	1	западная сторона, запад; на западе
下班	xiàbān		1	смениться с работы; смена
下边	xiàbian	N	1	низ; внизу, снизу, ниже; нижний
下车	xiàchē		1	слезть с экипажа; сойти с поезда
下次	xiàcì		1	в следующий раз; последующий
下课	xiàkè		1	закончить занятия, уйти по окончании уроков
小孩儿	xiǎoháir	N	1	ребёнок, дитя, кроха, младенец
小朋友	xiǎopéngyǒu	N	1	ребёнок; дружок, малыш
小学	xiǎoxué	N	1	начальная школа, начальное образование
小学生	xiǎoxuéshēng	N	1	школьник, ученик начальной школы
新年	xīnnián	N	1	Новый год
星期日	xīngqīrì	N	1	воскресенье
星期天	xīngqītiān	N	1	воскресенье
学	xué	V	1	овладевать; осваивать; учиться
学院	xuéyuàn	N	1	академия, институт, колледж, училище
一半	yībàn	Num	1	половина; пополам, наполовину; половинка
一块儿	yīkuàir	N/Adv	1	вместе; совместно; в одном месте
一下儿	yīxiàr	Adv	1	разок; немного, слегка
一点儿	yīdiǎnr		1	немного, некоторое количество
一些	yīxiē		1	немного, несколько, некоторые
有的	yǒude	Pron	1	некоторые; кое-кто
有时候	yǒushíhou	Adv	1	время от времени, от случая к случаю
有时	yǒushí	Adv	1	время от времени, от случая к случаю
有些	yǒuxiē	Pr	1	некоторые; немного; несколько, чуть-чуть
有一些	yǒuyīxiē	Pr	1	некоторые; немного; несколько, чуть-чуть
有用	yǒuyòng	V	1	полезный
右	yòu	N	1	правая рука; справа, направо; запад
雨	yǔ	N	1	дождь
在家	zàijiā	V	1	быть дома; дома, на дому; дома
早	zǎo	Adj	1	ранний; рано, спозаранку
早饭	zǎofàn	N	1	завтрак
找到	zhǎodào		1	найти
这边	zhèbiān	Pron	1	здесь, тут; на этой стороне
这里	zhèlǐ	Pron	1	тут, здесь; сюда; здешний
这儿	zhèr	Pron	1	здесь, тут; сюда
这些	zhèxiē	Pron	1	эти
真的	zhēnde		1	правда; действительно
中	zhōng	N	1	середина; в, внутри; центральный
中学	zhōngxué	N	1	средняя школа, среднее учебное заведение
中学生	zhōngxuéshēng	N	1	учащийся средней школы, школьник
子	zi	Suffix	1	суффикс существительных и счётных слов
走路	zǒulù		1	идти по дороге; путешествовать
左	zuǒ	N	1	левая рука; левая сторона
坐下	zuòxia		1	садиться, сесть; сидеть!
爱人	àiren	N	2	муж, жена; возлюбленный, возлюбленная
白色	báisè	N	2	белый цвет; белый
班长	bānzhǎng	N	2	бригадир; староста группы
办	bàn	V	2	делать, исполнять, выполнять; налаживать
半夜	bànyè	N	2	полночь, глубокая ночь
比如说	bǐrúshuō		2	например
笔	bǐ	N/M	2	кисть; перо; карандаш; взмах кисти
笔记	bǐjì	N	2	запись; конспект
边	biān	N	2	край; предел, граница; грань; берег
变	biàn	V	2	изменяться, меняться; становиться
变成	biànchéng		2	превратиться в; изменяться в; стать
表	biǎo	N	2	таблица; часы; бланк
不错	bùcuò	Adj	2	правильно, верно; неплохо, недурно
不够	bùgòu	V/Adv	2	не хватает, недостаёт
不太	bùtài		2	не очень; не слишком
不要	bùyào	Adv	2	не надо; нельзя
不久	bùjiǔ	Adj	2	недолго; недавно; вскоре, скоро
不满	bùmǎn	Adj	2	недовольный; недовольство
不少	bùshǎo		2	немало, достаточно много
不同	bùtóng		2	неодинаковый, разный, различный
不行	bùxíng	V/Adj	2	нельзя; не годится; не пойдёт
不一定	bùyīdìng	Adv	2	не обязательно; не факт
不一会儿	bùyīhuìr		2	вскоре; вмиг
草地	cǎodì	N	2	луг; сенокосное угодье, луга, пастбища
查	chá	V	2	обследовать, проверять; расследовать
常见	chángjiàn		2	часто встречающийся; обычный
常用	chángyòng		2	часто употребляемый, обычно используемый
车辆	chēliàng	N	2	транспортные средства; машины
成	chéng	V/M	2	стать, превратиться; получиться; успех
出国	chūguó		2	выезжать за границу, уезжать из страны
出门	chūmén		2	выйти из дома; не быть на месте
出院	chūyuàn		2	выписываться из больницы
出租	chūzū	V	2	сдавать в аренду
春节	Chūnjié	N	2	Праздник весны, китайский Новый год
春天	chūntiān	N	2	весна; весенний; весной
词	cí	N	2	слово; слово, выступление, речь
从小	cóngxiǎo	Adv	2	с детства, с малолетства
大部分	dàbùfen	N	2	большая часть; большинство
大大	dàdà	Adv	2	сильно, значительно; намного
大多数	dàduōshù	N	2	подавляющее большинство
大海	dàhǎi	N	2	море, океан
大量	dàliàng	Adj	2	большое количество; много
大门	dàmén	N	2	большие ворота
大人	dàren	N	2	взрослый, совершеннолетний; старшие
大声	dàshēng		2	громко, во весь голос
大小	dàxiǎo	N	2	величина, размер; большой и маленький
大衣	dàyī	N	2	пальто
大自然	dàzìrán	N	2	природа
带来	dàilái		2	нести с собой, приносить
但	dàn	Conj	2	однако, но
蛋	dàn	N	2	яйцо
道	dào	M	2	сч. слово для рек, вопросов, блюд; дорога; путь
道路	dàolù	N	2	дорога, путь; дорожный, путевой
得出	déchū		2	получить, извлечь; прийти
的话	dehuà	Aux	2	если…, то (условие)
等到	děngdào	Prep	2	ждать до; к тому времени; когда; к, на
地铁站	dìtiězhàn	N	2	станция метро
店	diàn	N	2	магазин; лавка; гостиница
东北	dōngběi	N	2	северо-восток; северо-восточный
东方	dōngfāng	N	2	восток; Восток
东南	dōngnán	N	2	юго-восток
冬天	dōngtiān	N	2	зима
懂得	dǒngde	V	2	понимать, знать толк, разбираться
动物园	dòngwùyuán	N	2	зоологический сад, зоосад, зоопарк
读音	dúyīn	N	2	чтение, произношение
度	dù	N/M	2	градус; степень; мера
队	duì	N	2	группа; команда; бригада; строй, шеренга
队长	duìzhǎng	N	2	капитан команды; командир отряда
多久	duōjiǔ	Pron	2	как давно?; сколько времени назад?
多数	duōshù	N	2	большинство; большое количество; больший
多云	duōyún	N	2	облачно; облачный
方便面	fāngbiànmiàn	N	2	лапша быстрого приготовления
放下	fàngxia		2	опускать, спускать; складывать; положить
分开	fēnkāi		2	делить, разделять; разграничивать
分数	fēnshù	N	2	балл, отметка
封	fēng	M/V	2	сч. слово для писем; запечатывать
服务	fúwù	V	2	служить, нести службу; служение, служба
该	gāi	V	2	следует, должно; этот, данный
改	gǎi	V	2	изменять; исправлять
感到	gǎndào	V	2	почувствовать, ощутить, испытать
刚	gāng	Adv	2	только что, сию минуту; всего, едва
高中	gāozhōng	N	2	средняя школа старшей ступени
公交车	gōngjiāochē	N	2	автобус, общественный транспорт
公路	gōnglù	N	2	государственная автодорога
关机	guānjī		2	выключить (телефон, компьютер)
过来	guòlái	V	2	подходить, проходить, приближаться
过年	guònián		2	встречать Новый год
海	hǎi	N	2	море; морская вода; морской; озеро
海边	hǎibiān		2	берег моря, побережье, взморье
好多	hǎoduō	Num	2	очень много; очень многие
好久	hǎojiǔ	Adj	2	долго; давно
好人	hǎorén	N	2	хороший человек
好事	hǎoshì	N	2	доброе дело; приятное дело; благо, добро
黑色	hēisè	N	2	чёрный цвет; чернота; чёрный; тёмный
红色	hóngsè	N	2	красный цвет; красный; рыжий цвет; рыжий
湖	hú	N	2	озеро; озёрный
画家	huàjiā	N	2	художник, живописец
画儿	huàr	N	2	картина, картинка
坏处	huàichù	N	2	порок, недостаток, изъян
坏人	huàirén	N	2	дурной человек, негодяй
黄色	huángsè	N	2	жёлтый цвет; жёлтый
回国	huíguó		2	вернуться на родину
或	huò	Conj	2	или, или же; будь то... или
鸡	jī	N	2	курица; петух; курятина; куриный
级	jí	N	2	уровень, ступень; класс (в школе)
急	jí	Adj	2	срочный; спешить; волноваться
计算机	jìsuànjī	N	2	компьютер
加	jiā	V	2	добавлять, прибавлять, надбавлять
加油	jiāyóu		2	давай!, поднажми!; заправляться
科学家	kēxuéjiā	N	2	учёный, деятель науки
家长	jiāzhǎng	N	2	родители (ученика); глава семьи
假期	jiàqī	N	2	отпуск, каникулы; срок отпуска
见到	jiàndào		2	увидеть; встретить
见过	jiànguo		2	видел, встречал (раньше)
讲话	jiǎnghuà		2	выступать с речью; разговаривать
交给	jiāogěi		2	передавать, вручать; вносить
交朋友	jiāopéngyou		2	дружить
叫作	jiàozuò	V	2	называться, именоваться; носить имя
教师	jiàoshī	N	2	учитель, педагог, преподаватель
教学	jiàoxué	N	2	преподавание и учёба
接到	jiēdào		2	получить, принять
接下来	jiēxiàlái		2	далее, затем; следующий
街	jiē	N	2	улица; городская магистраль; рынок
斤	jīn	M	2	цзинь (500 г)
今后	jīnhòu	N	2	отныне, впредь, в дальнейшем
进入	jìnrù	V	2	входить, проникнуть, вступать в...
酒	jiǔ	N	2	спиртное; вино; водка; алкоголь
酒店	jiǔdiàn	N	2	гостиница, отель; ресторан
就要	jiùyào	Adv	2	вот-вот; скоро
举手	jǔshǒu	V	2	поднять руку; приветствовать, голосовать
句	jù	M	2	предложение; фраза; стих; строка
卡	kǎ	N	2	карта, карточка
开机	kāijī		2	включать
开学	kāixué		2	начать занятия; приступить к учёбе
考生	kǎoshēng	N	2	экзаменующийся, испытуемый, тестируемый
靠	kào	V	2	опираться на, облокачиваться на
科	kē	N	2	отдел; раздел, отрасль; факультет
课堂	kètáng	N	2	аудитория, класс
快餐	kuàicān	N	2	фастфуд, быстрое питание
快点儿	kuàidiǎnr		2	быстрей, побыстрей, скорей
快要	kuàiyào	Adv	2	вот-вот
蓝色	lánsè	N	2	синий, синяя окраска
篮球	lánqiú	N	2	баскетбол; баскетбольный мяч
老年	lǎonián	N	2	старость; старческий
老朋友	lǎopéngyou		2	старый друг
老是	lǎoshì	Adv	2	всегда, вечно, всё время, постоянно
里头	lǐtou	N	2	внутри; в пределах в
例子	lìzi	N	2	пример
练	liàn	V	2	тренироваться; упражняться
凉	liáng	Adj	2	прохладный, холодно
零下	língxià		2	ниже нуля
留下	liúxia		2	оставить, задержать
留学生	liúxuéshēng	N	2	студент, обучающийся за границей
流	liú	V	2	течь, стекать, струиться
路边	lùbiān		2	край дороги, у дороги, обочина
旅客	lǚkè	N	2	пассажир; турист, путешественник
旅行	lǚxíng	V	2	путешествовать
绿色	lǜsè	N	2	зелёный цвет; зелёный; экология
面	miàn	N/M	2	лицо; сторона; лапша; мука
面前	miànqián	N	2	перед лицом, в присутствии; впереди
名	míng	N/M	2	имя; известный; сч. слово для людей
名称	míngchēng	N	2	название, наименование, имя
名单	míngdān	N	2	именной список, поимённый перечень, список
拿出	náchū		2	вытащить, вынуть; выделять; выдвигать
拿到	nádào		2	получить; взять в руки
那会儿	nàhuìr	Pron	2	в то время, тогда
那么	nàme	Pron	2	так, в такой степени; такой
那时候	nàshíhou		2	в то время, тогда
那时	nàshí		2	в то время, тогда
那样	nàyàng	Pron	2	так; такой
南方	nánfāng	N	2	юг; южная часть; южный район
难题	nántí	N	2	сложная тема; трудный вопрос
难听	nántīng	Adj	2	неприятно слушать
能够	nénggòu	V	2	мочь, быть в состоянии
爬	pá	V	2	ползать
怕	pà	V/Adv	2	бояться, опасаться
排	pái	N/M/V	2	ряд; ставить в ряд; шеренга
碰	pèng	V	2	столкнуться; трогать; встретить
碰到	pèngdào		2	встретить; наткнуться на
平安	píngān	Adj	2	спокойный, благополучный; безопасный
瓶	píng	N/M	2	бутылка, фляга; флакон, пузырёк; ваза
普通	pǔtōng	Adj	2	общепринятый, распространённый, всеобщий
骑车	qíchē		2	ехать на велосипеде
气	qì	V/N	2	воздух, газ; сердиться; запах
气温	qìwēn	N	2	температура воздуха; аэротермический
千克	qiānkè	M	2	килограмм, кг
前年	qiánnián	N	2	позапрошлый год; в позапрошлом году
青年	qīngnián	N	2	молодёжь; молодой
晴天	qíngtiān	N	2	ясно; солнечный день; чистое небо
秋天	qiūtiān	N	2	осень, осенний сезон
求	qiú	V	2	просить; искать; требовать
球场	qiúchǎng	N	2	стадион, арена, корт, спортивная площадка
球队	qiúduì	N	2	команда
球鞋	qiúxié	N	2	кроссовки, бутсы, кеды, сникерсы, сникеры
取得	qǔdé	V	2	приобретать; получать; одержать
全	quán	Adv/Adj	2	полный, весь, целый
全国	quánguó	N	2	вся страна; по всей стране
全家	quánjiā	N	2	вся семья
全年	quánnián	N	2	круглый год; годовой, годичный
全身	quánshēn	N	2	всё тело; весь полный, целиком
全体	quántǐ	N	2	все; весь состав; в полном составе
人们	rénmen	N	2	народ, люди
人数	rénshù	N	2	количество людей; число лиц
日报	rìbào	N	2	ежедневная газета; ежедневная отчётность
日子	rìzi	N	2	день; срок, время; дата
商人	shāngrén	N	2	делец; бизнесмен; коммерсант
上周	shàngzhōu		2	прошлая неделя
少数	shǎoshù	N	2	меньшинство; меньший
少年	shàonián	N	2	подросток; юность
身边	shēnbiān	N	2	при себе; около себя, рядом, сбоку
什么样	shénmeyàng	Pron	2	какой? какого вида? какого рода?
生	shēng	V/Adj	2	рождать(ся); сырой; жизнь
生词	shēngcí	N	2	незнакомое слово, новое слово
市	shì	N	2	город; рынок
市长	shìzhǎng	N	2	градоначальник; городской голова
收到	shōudào		2	получить
熟	shú / shóu	Adj	2	спелый; варёный; знакомый
送到	sòngdào		2	прислать, принести, доставить
送给	sònggěi		2	посылать; дарить
它们	tāmen	Pron	2	они
提出	tíchū		2	выдвигать; предлагать; поднимать (вопрос)
提到	tídào		2	упоминать, касаться; поднять, поставить
体育场	tǐyùchǎng	N	2	стадион, спортивная арена
体育馆	tǐyùguǎn	N	2	дворец спорта, спорткомплекс
天上	tiānshàng	N	2	небо; на небе, в небе; небесный
听讲	tīngjiǎng		2	слушать лекцию (урок)
听说	tīngshuō	V	2	слышно, что; как говорят; по слухам
停	tíng	V	2	останавливаться, стоять
停车	tíngchē		2	парковаться, парковать автомобиль
停车场	tíngchēchǎng	N	2	стоянка, парковка; место стоянки
挺好	tǐnghǎo		2	очень хорошо; неплохо
通	tōng	V/Adj	2	проходить; сообщаться; понимать
同样	tóngyàng	Adj/Conj	2	тождественный, одинаковый, идентичный
头	tóu / tou	N/M/Suffix/Adj	2	голова; первый; сч. слово для скота
图片	túpiàn	N	2	фотография, иллюстрация, картинка
外地	wàidì	N	2	иные края; чужие земли, чужбина
外卖	wàimài	N/V	2	на вынос, на дом, с доставкой на дом
晚安	wǎnān	V	2	добрый вечер!, доброй ночи!
晚报	wǎnbào	N	2	вечерняя газета
晚餐	wǎncān	N	2	ужин
晚会	wǎnhuì	N	2	вечеринка, вечер
网	wǎng	N	2	сеть, сетка, тенёта, силок; невод
问路	wènlù	V	2	разузнавать дорогу; спрашивать дорогу
午餐	wǔcān	N	2	обед
午睡	wǔshuì	N/V	2	дневной сон, послеобеденный сон
西北	xīběi	N	2	северо-запад
西餐	xīcān	N	2	европейская кухня
西方	xīfāng	N	2	запад; западный
西南	xīnán	N	2	юго-запад; юго-западная часть Китая
西医	xīyī	N	2	западная медицина; врач западной медицины
下雪	xiàxuě		2	идёт снег; снегопад
下周	xiàzhōu		2	следующая неделя
夏天	xiàtiān	N	2	лето; летом
想到	xiǎngdào		2	подумать; прийти в голову
想法	xiǎngfǎ	N	2	мышление, образ мыслей, точка зрения
想起	xiǎngqǐ		2	вспомнить; прийти в голову
相机	xiàngjī	N	2	фотоаппарат, фотокамера
小声	xiǎoshēng		2	тихо, шепотком; тихий звук
小时候	xiǎoshíhou	N	2	в детстве
小组	xiǎozǔ	N	2	группа, ячейка; кружок; бригада, звено
校园	xiàoyuán	N	2	кампус, университетский городок
笑话儿	xiàohuar	N	2	шутка, анекдот; чепуха, ерунда
心里	xīnlǐ	N	2	в душе, в уме, про себя; в груди; нутро
心中	xīnzhōng	N	2	в сердце; на сердце, на душе; про себя
星星	xīngxing	N	2	звёзды
姓名	xìngmíng	N	2	фамилия и имя; полное имя
休假	xiūjià		2	отпуск, каникулы, побывка
选	xuǎn	V	2	выбирать, избирать, подбирать; выборный
眼	yǎn	N/M	2	глаз, око; взор, взгляд; зрение
养	yǎng	V	2	кормить; содержать, обслуживать
药店	yàodiàn	N	2	аптека
药片	yàopiàn	N	2	лекарство в таблетках, таблетка
药水	yàoshuǐ	N	2	лекарство; микстура
夜里	yèlǐ	N	2	ночь, ночное время
一部分	yībùfen		2	часть; некоторые
一路平安	yīlùpíngān		2	в добрый путь, доброго пути, хорошей дороги
一路顺风	yīlùshùnfēng		2	попутного ветра!, счастливого пути!
以上	yǐshàng	N	2	наверху, сверху; выше; вышеперечисленный
以外	yǐwài	N	2	вне, снаружи; кроме того, вне этого
以下	yǐxià	N	2	ниже; менее; нижеследующий
一点点	yīdiǎndiǎn		2	немного, чуть-чуть
一生	yīshēng	N	2	вся жизнь; за всю жизнь
阴天	yīntiān	N	2	облачное небо; пасмурная погода
音节	yīnjié	N	2	слог
音乐会	yīnyuèhuì	N	2	концерт
银行卡	yínhángkǎ	N	2	банковская карта
英文	Yīngwén	N	2	английский язык; английский текст
英语	Yīngyǔ	N	2	английский язык
影片	yǐngpiàn	N	2	кинофильм; фильм
油	yóu	N	2	масло; жир; в масле, в жиру; нефть
游客	yóukè	N	2	турист, путешественник; посетитель
有空儿	yǒukòngr	V	2	иметь свободное время, быть свободным
有人	yǒurén		2	некто, кто-то; некоторые, кое-что
有点儿	yǒudiǎnr	Adv	2	немного, несколько, чуть-чуть
有一点儿	yǒuyīdiǎnr	Adv	2	немного, несколько, чуть-чуть
有意思	yǒuyìsi		2	интересный, любопытный, увлекательный
院	yuàn	N	2	двор; учреждение (институт, больница)
院长	yuànzhǎng	N	2	глава, директор, председатель, президент
院子	yuànzi	N	2	двор
月份	yuèfèn	N	2	месяц
越来越	yuèláiyuè		2	все больше и больше; чем дальше, тем
咱	zán	Pron	2	мы (с тобой); я
早餐	zǎocān	N	2	завтрак
早晨	zǎochen	N	2	утро; утром
早就	zǎojiù		2	уже давно; с давних пор
怎么办	zěnmebàn		2	как быть, как поступить, что делать
怎样	zěnyàng	Pron	2	каким образом?, как?; каков?
占	zhàn	V	2	занимать; составлять, обладать
站住	zhànzhù		2	остановиться; стой!
长大	zhǎngdà		2	вырасти; повзрослеть
找出	zhǎochū		2	подыскать, обнаружить, выяснить, понять
照相	zhàoxiàng		2	фотографировать; фотографирование
这么	zhème	Pron	2	так; такой; в такой степени; настолько
这时候	zhèshíhou		2	в это время, в настоящее время
这时	zhèshí		2	в это время
这样	zhèyàng	Pron	2	такой; так; таким образом
正是	zhèngshì	V	2	именно; как раз
只能	zhǐnéng		2	только и мочь что..., мочь только
纸	zhǐ	N	2	бумага; бумажный; лист; штука
中餐	zhōngcān	N	2	китайская кухня
中级	zhōngjí	Adj	2	средний; среднего ранга
中年	zhōngnián	N	2	средний возраст; средних лет
中小学	zhōngxiǎoxué		2	начальная и средняя школа
中医	zhōngyī	N	2	китайская медицина
周	zhōu	M	2	неделя; круг; оборот
住房	zhùfáng	N	2	жильё; квартира
住院	zhùyuàn		2	лечь в больницу, лежать в больнице
走过	zǒuguò		2	проходить через
走进	zǒujìn		2	входить, входить в
走开	zǒukāi		2	расходиться; отойти, уходить, отойти
组长	zǔzhǎng	N	2	руководитель группы; староста
作家	zuòjiā	N	2	писатель; творческий работник
做到	zuòdào		2	сделать; доделать, выполнить; добиться
做法	zuòfǎ	N	2	способ действия; метод; рецепт
做饭	zuòfàn		2	готовить пищу, стряпать; готовить рис
按	àn	V/Prep	3	нажимать; согласно, по
白菜	báicài	N	3	капуста китайская
班级	bānjí	N	3	класс (в школе); группа
搬家	bānjiā		3	переезжать на другую квартиру, переселяться
板	bǎn	N	3	доска; дощечка; дощатый
保	bǎo	V	3	защищать, охранять; предохранять
保安	bǎoān	N	3	охранник; охрана
报	bào	N	3	газета; сообщать; докладывать
北部	běibù	N	3	север; северная часть; северный район
背后	bèihòu	N	3	за спиной; позади; тайно
变为	biànwéi		3	превращаться в; становиться
并	bìng	Adv/Conj/V	3	и, к тому же; вовсе (не); объединять
播出	bōchū		3	передавать, транслировать
不论	bùlùn	Conj	3	всё равно, какой бы ни..., что бы ни…
补	bǔ	V	3	латать, штопать; чинить, ремонтировать
不光	bùguāng	Adv/Conj	3	не только
步	bù	N/M	3	шаг; этап
部	bù	N/M	3	часть; отдел; министерство; сч. слово для фильмов
部长	bùzhǎng	N	3	министр; начальник отдела
才能	cáinéng	N	3	способности; одарённость, талантливость
采用	cǎiyòng	V	3	применять; внедрять; пользоваться
彩色	cǎisè	N	3	разноцветный, цветной; пёстрый
长处	chángchù	N	3	положительные стороны, плюсы
长期	chángqī	N	3	длительный срок; долгосрочный
厂	chǎng	N	3	завод; фабрика; мастерская; склад
衬衣	chènyī	N	3	рубашка
称为	chēngwéi		3	называться, именоваться, быть названным
城	chéng	N	3	город; городская стена
初	chū	Adv/Prefix	3	начало; начальный; впервые
初一	chūyī	N	3	первый класс средней школы; первое число
初中	chūzhōng	N	3	неполная средняя школа
传	chuán	V	3	передавать; сообщать; распространять
传来	chuánlái		3	долетать, доноситься; доходить
村	cūn	N	3	деревня, село, поселение, населённый пункт
打破	dǎpò		3	разбить; сломать; порвать; проломить
代	dài	V/N	3	заменять; поколение; эпоха
代表团	dàibiǎotuán	N	3	делегация, миссия; представительство
带动	dàidòng	V	3	привести в движение
当中	dāngzhōng	N	3	середина; на середине, посреди, в центре
得分	défēn	V/N	3	выиграть очко, набрать очко
底下	dǐxia	N	3	низ, внизу; ниже, под; низший, следующий
电视剧	diànshìjù	N	3	телесериал
电视台	diànshìtái	N	3	телевизионная станция, телеканал
电子邮件	diànzǐyóujiàn		3	электронное письмо, электронная почта, имейл
调	diào / tiáo	V	3	регулировать; переводить; мелодия; тон
订	dìng	V	3	заказывать; бронировать; заключать
东部	dōngbù	N	3	восточная часть, восточный район; восток
动人	dòngrén	Adj	3	трогательный; волнующий
读者	dúzhě	N	3	читатель
短处	duǎnchù	N	3	недостаток, минус; порок, изъян
短裤	duǎnkù	N	3	шорты, трусы
短期	duǎnqī	N	3	короткий срок
队员	duìyuán	N	3	член команды
发出	fāchū	V	3	выпустить, издать; выдать; послать
发送	fāsòng	V	3	посылать, отправлять, препровождать
防	fáng	V	3	предотвращать; защищаться
房屋	fángwū	N	3	постройка, здание; дом; комната
房租	fángzū	N	3	квартирная плата; плата за аренду дома
放到	fàngdào		3	положить, положить на, положить в
飞行	fēixíng	V	3	летать, лётный; полёт, полётный; пилотаж
费	fèi	V/N	3	тратить; плата, расходы
分组	fēnzǔ		3	делить на группы; групповой
福	fú	N	3	счастье, благополучие; счастливый
父母	fùmǔ	N	3	отец и мать; родители
付	fù	V	3	передавать, вручать, сдавать
改造	gǎizào	V	3	изменить, преобразовать, реконструировать
赶	gǎn	V	3	спешить; догонять; гнать
赶到	gǎndào		3	настичь, догнать; поспеть
干吗	gànmá	Pron	3	зачем?, для чего?, чего ради?
高速公路	gāosùgōnglù		3	скоростное шоссе, скоростная дорога, автобан
歌迷	gēmí	N	3	поклонник певца, фанат
歌声	gēshēng	N	3	звуки песни; песня
歌手	gēshǒu	N	3	певец, исполнитель
各地	gèdì	N	3	разные места; повсюду, повсеместно
各位	gèwèi	Pron	3	все (присутствующие); господа!
各种	gèzhǒng	Pron	3	разного рода; разнообразный; различный
公共	gōnggòng	Adj	3	общий, всеобщий; общественный
公务员	gōngwùyuán	N	3	государственный служащий
共有	gòngyǒu	V	3	всего иметь(ся); общий
古	gǔ	Adj	3	древний; старинный, античный
关注	guānzhù	V	3	уделять внимание, следить
观看	guānkàn	V	3	смотреть, осматривать, наблюдать
管	guǎn	V	3	заведовать; управлять; трубка
国内	guónèi		3	внутри страны
国庆	guóqìng	N	3	национальный праздник; День образования КНР
哈哈	hāhā	Phonetic	3	ха-ха!
好好	hǎohǎo	Adj/Adv	3	хорошенько, как следует
合	hé	V	3	закрывать; соединять; подходить
红茶	hóngchá	N	3	красный чай; чёрный чай
红酒	hóngjiǔ	N	3	красное вино
后年	hòunián	N	3	через два года
华人	huárén	N	3	китаец; этнический китаец
化	huà	Suffix	3	суффикс -изация: 现代化, 绿化; превращать(ся)
现代化	xiàndàihuà	Suffix	3	модернизация; современный
话剧	huàjù	N	3	драматический спектакль; драма
环	huán	N	3	кольцо; звено; окружать
环保	huánbǎo	N/Adj	3	охрана окружающей среды; экологичный
会员	huìyuán	N	3	член, участник
活	huó	Adj/V	3	жить; живой; работа
基本上	jīběnshàng	Adv	3	в основном, главным образом, по сути
极了	jíle	Suffix	3	крайне, чрезвычайно (после прил.)
加快	jiākuài	V	3	ускорять, ускоряться; ускоренный
加强	jiāqiáng	V	3	усиливать, укреплять
价钱	jiàqián	N	3	цена
架	jià	M/N/V	3	полка; стеллаж; сч. слово для самолётов, роялей
建	jiàn	V	3	строить, сооружать, воздвигать
建成	jiànchéng		3	построить; завершить строительство
交费	jiāofèi	V	3	вносить плату, делать взнос, платный
交警	jiāojǐng	N	3	инспектор ГИБДД, сотрудник ДПС
较	jiào	Adv	3	сравнительно, относительно
解开	jiěkāi		3	распустить, ослабить, развязать
金	jīn	N	3	золото; металл; золотой
金牌	jīnpái	N	3	золотая медаль
仅	jǐn	Adv	3	только; едва-едва; едва; всего; один
仅仅	jǐnjǐn	Adv	3	только-только; едва-едва; всего лишь
进一步	jìnyībù	Adv	3	дальнейший; ещё больше, далее
近期	jìnqī	N	3	в ближайшее время, в ближайшем будущем
静	jìng	Adj/V	3	тихий; спокойный
就是	jiùshì	Conj	3	именно; даже если; вот именно
具有	jùyǒu	V	3	обладать, иметь; содержать, вмещать
剧场	jùchǎng	N	3	театр
开业	kāiyè		3	открыть дело; начать работу
看起来	kànqǐlái		3	по-видимому; на вид
看上去	kànshàngqù		3	на вид; с виду; по виду
科技	kējì	N	3	наука и техника; научно-технический
可乐	kělè	N	3	кола
空	kōng / kòng	Adj/Adv/V	3	пустой; воздух; свободное время
空儿	kòngr	N	3	свободное время; пустое место
快速	kuàisù	Adj	3	быстрый, скорый
老太太	lǎotàitai	N	3	пожилая женщина; старушка
老头儿	lǎotóur	N	3	старик
乐	lè	V	3	радоваться; радость; смеяться
里面	lǐmiàn	N	3	внутри; в доме; в помещении
力	lì	N/Suffix	3	сила; мощь; усилие
连续	liánxù	V	3	непрерывный; подряд
联合国	Liánhéguó	N	3	Организация Объединённых Наций, ООН
凉水	liángshuǐ	N	3	холодная вода; остуженный кипяток
领	lǐng	V	3	вести; получать; воротник
另一方面	lìngyīfāngmiàn		3	с другой стороны
录	lù	V	3	записывать (аудио/видео); заносить в список
路线	lùxiàn	N	3	путь, маршрут; тропа, трасса
旅馆	lǚguǎn	N	3	отель, гостиница
旅行社	lǚxíngshè	N	3	туристическое агентство, турагентство
绿茶	lǜchá	N	3	зелёный чай
慢慢	mànmàn		3	медленно, неторопливо
没用	méiyòng	V	3	никуда не годный, бесполезный, непригодный
美	měi	Adj	3	красивый, прекрасный, изящный
美好	měihǎo	Adj	3	прекрасный, лучший, чудесный; благодать
美食	měishí	N	3	вкусная еда, вкусные блюда, лакомства
美元	měiyuán	N	3	доллар
迷	mí	V	3	увлекаться; фанат; заблудиться
奶茶	nǎichá	N	3	чай с молоком
男子	nánzǐ	N	3	мужчина, муж
南部	nánbù	N	3	южная часть; юг
难度	nándù	N	3	степень трудности, сложность
内心	nèixīn	N	3	душа; внутренний мир; в глубине души
能不能	néngbunéng		3	можно или нет, возможно ли
年初	niánchū	N	3	начало года; в начале года
年底	niándǐ	N	3	конец года, последний месяц года
牛	niú	N/Adj	3	корова, бык; крутой (разг.)
女子	nǚzǐ	N	3	женщина; женский
排名	páimíng		3	рейтинг; занимать место (в списке)
牌子	páizi	N	3	вывеска; табличка; марка, бренд
配	pèi	V	3	подходить друг к другу; сочетать; подбирать
皮	pí	N	3	кожа; кожура; шкура
皮包	píbāo	N	3	портфель, сумка
票价	piàojià	N	3	цена билета, стоимость билета
期	qī	M	3	срок; период; номер (журнала)
齐	qí	Adj/V	3	ровный; полный; вместе, дружно
前后	qiánhòu	N	3	спереди и сзади; около, примерно (о времени)
前进	qiánjìn	V	3	наступать, идти вперёд; продвигаться
前往	qiánwǎng	V	3	направляться, отправляться
强	qiáng	Adj	3	сильный, мощный
强大	qiángdà	Adj	3	могучий, сильный
巧	qiǎo	Adj	3	ловкий, искусный; удачно, кстати
亲	qīn	Adj	3	родной; родители; целовать
亲人	qīnrén	N	3	родные; близкие; родной человек
情感	qínggǎn	N	3	чувство, ощущение; эмоции
区	qū	N	3	район, участок
全场	quánchǎng	N	3	все присутствующие, весь зал
全球	quánqiú	N	3	весь мир, весь земной шар, всемирный
缺	quē	V	3	недоставать; не хватать
人民	rénmín	N	3	народ; народный
人群	rénqún	N	3	толпа людей; люди, массы, простой люд
认出	rènchū		3	опознать; признать, узнать
认得	rènde	V	3	быть знакомым; признавать
任	rèn	V/Conj	3	назначать; сч. слово для сроков службы; любой
仍	réng	Adv	3	по-прежнему, как и раньше, как обычно
沙子	shāzi	N	3	песок; гравий
伤	shāng	V/N	3	рана; ранить; повредить
上来	shànglái		3	подниматься; нарастать; прибывать
上面	shàngmiàn	N	3	верх; наверху; выше; вышеуказанный
上去	shàngqù		3	подниматься, всходить
上升	shàngshēng	V	3	подниматься; расти
上衣	shàngyī	N	3	верхняя одежда, верх одежды
身份证	shēnfènzhèng	N	3	удостоверение личности; паспорт
深入	shēnrù	V/Adj	3	углубляться; глубокий
生意	shēngyi	N	3	бизнес, коммерция; сделка
生长	shēngzhǎng	V	3	расти, вырастать; рост
胜	shèng	V	3	побеждать, одолевать; выигрывать
时	shí	N	3	время; час; сезон
实际上	shíjìshàng	Adv	3	в действительности, фактически, на самом деле
实验室	shíyànshì	N	3	лаборатория
世界杯	shìjièbēi	N	3	чемпионат мира, кубок мира
事实上	shìshíshang		3	на самом деле, на деле, в действительности
试题	shìtí	N	3	экзаменационные вопросы; тема сочинения
适用	shìyòng	Adj	3	подходить, годиться; применимый
室	shì	N	3	комната; кабинет; палата
收费	shōufèi	V	3	брать плату; платный
收看	shōukàn	V	3	смотреть (телепередачу)
收听	shōutīng	V	3	слушать (радио)
受	shòu	V	3	получать; терпеть; подвергаться
熟人	shúrén	N	3	хорошо знакомый человек
属	shǔ	V	3	принадлежать, относиться; родиться в год (животного)
随	suí	V	3	следовать за; вслед за; как угодно
所长	suǒzhǎng	N	3	заведующий; директор (института, бюро)
谈话	tánhuà		3	беседовать, вести разговор; разговор
跳	tiào	V	3	прыгать, скакать; подёргиваться
跳高	tiàogāo	V	3	прыжки в высоту
跳远	tiàoyuǎn	V	3	прыжки в длину
铁	tiě	N	3	железо; чёрный металл; железный
铁路	tiělù	N	3	железная дорога; железнодорожный путь
听力	tīnglì	N	3	аудирование; слух
听众	tīngzhòng	N	3	слушатели, публика, аудитория
通信	tōngxìn		3	связь; переписываться
痛	tòng	Adj	3	боль; больно; болеть
头脑	tóunǎo	N	3	ум, голова; мозги
图	tú	N	3	рисунок; схема; карта
图画	túhuà	N	3	иллюстрация, рисунок
土	tǔ	N/Adj	3	земля, почва; местный; деревенский
推动	tuīdòng		3	продвигать; толкать вперёд
推进	tuījìn	V	3	двигать вперёд, продвигаться
推开	tuīkāi		3	открывать толчком, распахивать
退出	tuìchū	V	3	отступать из; оставлять, покидать
外面	wàimiàn	N	3	снаружи; внешняя сторона
外文	wàiwén	N	3	иностранный язык
围	wéi	V	3	окружать; охватывать; обматывать
卫生	wèishēng	Adj/N	3	гигиена; санитария; чистый
文字	wénzì	N	3	письменность, письмо, письмена, буквы
舞台	wǔtái	N	3	сцена; арена
西部	xībù	N	3	западная часть; западный район
下来	xiàlái		3	спускаться, снижаться
下面	xiàmiàn	N	3	низ, внизу, ниже; нижний, следующий
下去	xiàqù		3	спускаться, сходить
线	xiàn	N	3	нить; линия; провод; маршрут
相比	xiāngbǐ	V	3	сравнивать, сопоставлять
相互	xiānghù	Adv	3	взаимно; взаимный
心	xīn	N	3	сердце; сердечный; душа, дух
行李	xíngli	N	3	багаж, вещи
性	xìng	Suffix	3	суффикс -ость (积极性, 重要性); характер; пол
积极性	jījíxìng	N	3	активность, энтузиазм
学费	xuéfèi	N	3	плата за обучение, расходы на учёбу
压	yā	V	3	давить; подавлять; давление
烟	yān	N	3	дым; табак; сигарета
眼前	yǎnqián	N	3	перед глазами; перед собой; теперь
演	yǎn	V	3	играть (роль); исполнять; выступать
演唱	yǎnchàng	V	3	петь (на сцене), исполнять песню
演唱会	yǎnchànghuì	N	3	концерт
羊	yáng	N	3	баран, овца; коза; овечий, козий; Баран
衣架	yījià	N	3	вешалка; багажник
已	yǐ	Adv	3	уже
一方面	yīfāngmiàn	N	3	с одной стороны
银牌	yínpái	N	3	серебряная медаль
应当	yīngdāng	V	3	следует; должно; надо
影视	yǐngshì	N	3	кино и телевидение
邮件	yóujiàn	N	3	почтовое отправление
邮票	yóupiào	N	3	почтовая марка
邮箱	yóuxiāng	N	3	почтовый ящик
游	yóu	V	3	плавать; путешествовать; гулять
有的是	yǒudeshì		3	сколько угодно
有效	yǒuxiào	V	3	действенный; действительный; эффективный
预计	yùjì	V	3	заранее рассчитывать, предполагать
员	yuán	Suffix	3	суффикс: работник, член (服务员, 会员)
员工	yuángōng	N	3	сотрудники; персонал
约	yuē	V	3	договариваться; приглашать; примерно
乐队	yuèduì	N	3	музыкальная группа; оркестр
早已	zǎoyǐ	Adv	3	давно уже, уже, заранее, задолго
造	zào	V	3	строить; создавать; изготавливать
照	zhào	V/Prep	3	светить; фотографировать; согласно, по
者	zhě	Suffix	3	суффикс деятеля: 记者, 读者; тот, кто
争	zhēng	V	3	бороться; спорить; добиваться
整	zhěng	Adj/V	3	целый; ровно; приводить в порядок
整天	zhěngtiān	N	3	весь день напролёт; целыми днями
整整	zhěngzhěng	Adv	3	ровно; целых (о времени)
证	zhèng	N	3	удостоверение; свидетельство; доказывать
支付	zhīfù	V	3	платить, уплачивать; выплачивать; уплата
直到	zhídào	V	3	вплоть до; до самого
值	zhí	V	3	стоить; заслуживать; стоимость; дежурить
职工	zhígōng	N	3	персонал, кадры; рабочие и служащие
只是	zhǐshì	Adv/Conj	3	только, лишь; просто; однако
只有	zhǐyǒu	Conj	3	только (при условии); только лишь
指出	zhǐchū		3	отметить, указать, обозначить
志愿	zhìyuàn	N	3	желание; добровольный; волонтёрский
中部	zhōngbù	N	3	средняя часть, центр; центральный
中华民族	ZhōnghuáMínzú		3	китайская нация
重大	zhòngdà	Adj	3	важный, значительный; огромный
主任	zhǔrèn	N	3	заведующий; директор; руководитель
抓	zhuā	V	3	хватать; ловить; браться за
抓住	zhuāzhù		3	схватить; поймать; ухватиться
转	zhuǎn / zhuàn	V	3	поворачивать; вращаться; передавать
追	zhuī	V	3	гнаться за..., преследовать; гнать
准	zhǔn	Adj/Adv	3	точный; разрешать; наверняка
子女	zǐnǚ	N	3	сыновья и дочери, дети
自身	zìshēn	N	3	сам; собственный
总	zǒng	Adv	3	всегда; в общем; главный, генеральный
足够	zúgòu	V	3	достаточно; хватать
足球	zúqiú	N	3	футбол; футбольный; футбольный мяч
做客	zuòkè		3	гостить, быть в гостях
矮小	ǎixiǎo	Adj	4	низкий и маленький, короткий, низкорослый
爱国	àiguó		4	любить родину, быть патриотом
安	ān	V/Adj	4	спокойный; устанавливать; безопасность
巴士	bāshì	N	4	автобус
百货	bǎihuò	N	4	универмаг; товары широкого потребления
摆动	bǎidòng	V	4	качаться; раскачивать
败	bài	V	4	проиграть; потерпеть поражение
办事	bànshì		4	делать дело, вести дела
宝	bǎo	N	4	сокровище; драгоценный
宝宝	bǎobao	N	4	маленький ребёнок, младенец; малыш
宝石	bǎoshí	N	4	драгоценный камень; самоцвет
被迫	bèipò	V	4	быть вынужденным; вынужденный
比分	bǐfēn	N	4	счёт
毕业生	bìyèshēng	N	4	выпускник
避	bì	V	4	избегать; прятаться от
编	biān	V	4	составлять; сочинять; плести; редактировать
冰	bīng	N	4	лёд; ледяной, ледовый; ледовитый
冰雪	bīngxuě	N/Adj	4	лёд и снег
兵	bīng	N	4	солдат; воин, боец; рядовой
不在乎	bùzàihu	V	4	оставлять без внимания, не обращать внимания
步行	bùxíng	V	4	идти пешком; пешком; ходьба
测	cè	V	4	измерять, мерить; производить измерение
测试	cèshì	V/N	4	проверка, испытание, тест, тестирование
曾	céng	Adv	4	когда-то; в своё время; уже
茶叶	cháyè	N	4	чай; чаинка; чайный лист
唱片	chàngpiàn	N	4	пластинка; альбом (музыкальный)
抄写	chāoxiě	V	4	переписывать (от руки)
潮	cháo	N/Adj	4	прилив; влажный; мода, тренд
沉	chén	V/Adj	4	тонуть; тяжёлый; глубокий
成人	chéngrén	N	4	взрослый, совершеннолетний
诚信	chéngxìn	Adj	4	честность; добросовестность
尺	chǐ	N/M	4	линейка; чи (33 см)
尺寸	chǐcùn	N	4	размер; габариты
充电	chōngdiàn		4	заряжать (аккумулятор); подзарядка
虫子	chóngzi	N	4	насекомое, червяк
抽	chōu	V	4	вытягивать; курить; выкачивать
抽奖	chōujiǎng		4	розыгрыш призов; лотерея
出售	chūshòu	V	4	продавать, пускать в продажу, сбывать
处于	chǔyú	V	4	находиться в (состоянии, положении)
处	chù	N	4	место; пункт; отдел
穿上	chuānshang		4	одевать, надевать
窗台	chuāngtái	N	4	подоконник
窗子	chuāngzi	N	4	окно
春季	chūnjì	N	4	весенний сезон; весна; весенний
纯	chún	Adj	4	чистый, без примеси
纯净水	chúnjìngshuǐ	N	4	чистая вода
此	cǐ	Pron	4	этот; это; здесь
粗	cū	Adj	4	грубый, широкий, толстый; плотный
促销	cùxiāo	V	4	распродажа; стимулирование сбыта
打败	dǎbài	V	4	разбивать; побеждать; наносить поражение
打雷	dǎléi		4	гремит гром
大巴	dàbā	N	4	большой автобус (междугородний)
大多	dàduō	Adv	4	в большей части, более чем наполовину
大哥	dàgē	N	4	старший брат; старший (обращение)
大规模	dàguīmó		4	крупномасштабный; в большом масштабе
大会	dàhuì	N	4	собрание, митинг; съезд; пленум
大姐	dàjiě	N	4	старшая сестра; сестрица, барышня
大楼	dàlóu		4	многоэтажное здание
大陆	dàlù	N	4	материк, континент
大妈	dàmā	N	4	тётушка (старшая); тётя
大爷	dàye	N	4	дядюшка; пожилой мужчина (обращение)
大众	dàzhòng	N	4	широкие массы; массовый, народный
袋	dài	N/M	4	мешок, торба; сумка; кошелёк
单	dān	Adj/Adv	4	одиночный; простой; список; бланк
倒车	dǎochē / dàochē		4	идти задним ходом; задний ход
灯光	dēngguāng	N	4	свет лампы; искусственное освещение
登	dēng	V	4	подниматься, восходить; садиться
登山	dēngshān		4	подниматься в гору; альпинизм
地面	dìmiàn	N	4	поверхность, земля; наземный; позёмный
地下	dìxià	N	4	под землёй; подземный; почвенный
点名	diǎnmíng		4	перекличка; называть поимённо
电灯	diàndēng	N	4	электрическая лампа, электрический фонарь
电动车	diàndòngchē	N	4	электроскутер, электро-мотороллер
定	dìng	V	4	определять; устанавливать; заказывать; спокойный
冬季	dōngjì	N	4	зимний сезон, зима, зимний период
动摇	dòngyáo	V	4	колебаться; расшатывать
独自	dúzì	Adv	4	сам, в одиночку; в одиночестве; один
堵	dǔ	V	4	затыкать; пробка (на дороге); загораживать
多次	duōcì		4	многократно; не раз
多年	duōnián		4	много лет; многолетний
多样	duōyàng	Adj	4	разнообразный; многообразный
多种	duōzhǒng		4	разные виды; многообразный
而是	érshì		4	а (не…, а…)
耳机	ěrjī	N	4	наушники; головной телефон
二手	èrshǒu	Adj	4	подержанный, бывший в употреблении
法	fǎ	N	4	закон; право; норма; регламент; законный
法官	fǎguān	N	4	судья
烦	fán	Adj/V	4	надоедать; раздражённый; хлопотный
反	fǎn	Adj/V/Adv	4	обратный; против; наоборот; выступать против
肥	féi	Adj	4	толстый, жирный; упитанный, откормленный
分为	fēnwéi		4	делиться на, подразделяться на
夫妻	fūqī	N	4	муж и жена, супруги
付出	fùchū	V	4	выплачивать; выплата
感兴趣	gǎnxìngqù		4	быть заинтересованным в...
高价	gāojià	N	4	высокая цена; дорогой, ценный
高铁	gāotiě	N	4	скоростной поезд; скоростная железная дорога
隔	gé	V	4	разделять; через (промежуток); отстоять
隔开	gékāi	V	4	отделять; разделять
各个	gègè	Pron/Adv	4	каждый; все по отдельности
工程	gōngchéng	N	4	проект; инженерное дело; строительство
供应	gōngyìng	V	4	снабжать, поставлять, обеспечивать
共	gòng	Adv	4	совместно, вместе, сообща; общими силами
构造	gòuzào	N	4	строение; структура; конструкция
购买	gòumǎi	V	4	покупать, закупать, скупать
瓜	guā	N	4	дыня, тыква, арбуз; тыквенные растения
怪	guài	Adj/Adv/V	4	странный; винить; очень
归	guī	V	4	возвращаться; принадлежать
海水	hǎishuǐ	N	4	морская вода; морской
含	hán	V	4	содержать (в себе); держать во рту
含量	hánliàng	N	4	содержание
含有	hányǒu	V	4	содержать, таить; иметь
寒冷	hánlěng	Adj	4	холодный; морозный
毫升	háoshēng	M	4	миллилитр
好友	hǎoyǒu	N	4	хороший друг, близкий товарищ; френд
黑暗	hēiàn	Adj	4	тёмный; мрак; темнота
后头	hòutou	N	4	зад; позади; задний
户	hù	M	4	семья, двор; сч. слово для семей; счёт (банковский)
划	huá / huà	V	4	грести; чиркать; планировать; проводить черту
回复	huífù	V	4	отвечать (на письмо); ответ; восстанавливать
汇	huì	V	4	переводить (деньги); собирать(ся); сводить
伙	huǒ	M	4	группа; компания; сч. слово для групп людей
货	huò	N	4	товар; груз
获	huò	V	4	получать; добиваться
获奖	huòjiǎng	V	4	получить премию
获取	huòqǔ	V	4	взять, приобрести, получить
季	jì	N	4	сезон, квартал; период
既	jì	Adv/Conj	4	раз уж; поскольку; и… и…; уже
加入	jiārù	V	4	вступать, присоединяться
检测	jiǎncè	V	4	обнаруживать, выявлять, проверять и измерять
减	jiǎn	V	4	уменьшать, убавлять; снижать; сокращать
健身	jiànshēn	V	4	фитнес; заниматься спортом
渐渐	jiànjiàn	Adv	4	постепенно, мало-помалу, капля за каплей
江	jiāng	N	4	река; речной; на реке, у реки
奖	jiǎng	V/N	4	премия; награда; награждать
奖学金	jiǎngxuéjīn	N	4	стипендия
降	jiàng	V	4	опускаться, снижаться; спускаться
降价	jiàngjià		4	снижать цену; дешеветь
降温	jiàngwēn		4	похолодание; понижать температуру
结	jié	V/N	4	завязывать (узел); заключать; результат; узел
姐妹	jiěmèi	N	4	сёстры
居民	jūmín	N	4	жители, население; жильцы
局	jú	N/M	4	бюро; управление; партия (в игре); ситуация
聚	jù	V	4	собираться вместе; скапливаться
开花	kāihuā		4	цвести; расцветать
口袋	kǒudai	N	4	карман; сума, мешок, куль
口语	kǒuyǔ	N	4	разговорный язык; речь, устная речь
快递	kuàidì	N	4	быстрая доставка, срочная доставка
宽广	kuānguǎng	Adj	4	широкий, просторный
扩展	kuòzhǎn	V	4	расширять, распространять, развёртывать
括号	kuòhào	N	4	скобки; акколада, скобка
垃圾	lājī	N	4	мусор, отбросы, отходы
拉开	lākāi		4	раздвигать; открывать (ящик); увеличивать (разрыв)
老公	lǎogōng	N	4	муж (разг.)
老家	lǎojiā	N	4	родной дом; родные места, родина
老婆	lǎopo	N	4	жена
泪	lèi	N	4	слеза, слёзы
泪水	lèishuǐ	N	4	слёзы
类型	lèixíng	N	4	тип
离不开	líbukāi		4	невозможно покинуть; не оторваться
量	liáng	V	4	измерять; количество (liàng)
两边	liǎngbiān	N	4	оба конца; обе стороны; оба направления
疗养	liáoyǎng	V	4	лечиться и отдыхать (в санатории)
列	liè	V/M	4	ряд; перечислять; сч. слово для поездов
列车	lièchē	N	4	поезд; состав, эшелон
列入	lièrù	V	4	включать в (список)
列为	lièwéi		4	относить к; причислять к
楼梯	lóutī	N	4	лестница
轮	lún	N/V/M	4	колесо; колёсный; каток; обод; диск
轮椅	lúnyǐ	N	4	инвалидная коляска
轮子	lúnzi	N	4	колесо; диск
落	luò / là	V	4	падать; опадать; отставать
毛衣	máoyī	N	4	свитер; верхняя шерстяная одежда
没错	méicuò		4	верно, правильно, точно
没法儿	méifǎr	V	4	нет способа; никак нельзя
没想到	méixiǎngdào		4	неожиданно, непредвиденно; невдомёк
美金	měijīn	N	4	американский доллар; доллар США
美女	měinǚ	N	4	красавица; женщина, девушка
梦见	mèngjiàn		4	видеть во сне, сниться
密	mì	Adj	4	плотный; тайный; тесный
面试	miànshì	V	4	собеседование; проходить собеседование
描述	miáoshù	V	4	описывать; описание, характеристика
名牌儿	míngpáir	N	4	известная марка, бренд
名人	míngrén	N	4	известный человек, знаменитость
模特儿	mótèr	N	4	модель; натурщик, натурщица; натура
末	mò	N	4	конец; последний; порошок
男女	nánnǚ	N	4	мужчины и женщины
男士	nánshì	N	4	господин, мужчина
闹	nào	Adj/V	4	шуметь; шумный; устраивать (скандал)
闹钟	nàozhōng	N	4	будильник
内部	nèibù	N	4	внутри; внутренняя часть; внутренность
宁静	níngjìng	Adj	4	тихо, спокойно; спокойный
暖气	nuǎnqì	N	4	паровое отопление, центральное отопление
拍照	pāizhào		4	фотографировать
牌	pái	N	4	табличка; марка (бренд); игральные карты
盘	pán	N/M	4	тарелка; блюдо; сч. слово для блюд, партий игры
胖子	pàngzi	N	4	толстяк
培训班	péixùnbān	N	4	кружок, секция, тренинг, учебный курс
平稳	píngwěn	Adj	4	устойчивый, стабильный
期末	qīmò	N	4	конец семестра; итоговый (экзамен)
期中	qīzhōng	N	4	середина семестра; промежуточный
气球	qìqiú	N	4	воздушный шар, аэростат; баллон
汽水	qìshuǐ	N	4	газировка; лимонад
前头	qiántou	N	4	впереди; перёд; передний
亲密	qīnmì	Adj	4	близкий, тесный, интимный, сердечный
轻易	qīngyì	Adj/Adv	4	легко; с лёгкостью; необдуманно
穷人	qióngrén	N	4	бедняк; бедные люди
秋季	qiūjì	N	4	осенний сезон; осень; осенний
燃料	ránliào	N	4	горючее; топливо; горючие материалы
散	sàn / sǎn	V	4	расходиться; рассеивать(ся); рассыпной
扫	sǎo	V	4	мести, выметать; сметать, подметать
色	sè	N	4	цвет, окраска; краска; тон; оттенок
闪	shǎn	V	4	сверкать, мелькать, переливаться, отливать
伤害	shānghài	V	4	вредить; повреждать
商务	shāngwù	N	4	коммерция, коммерческие дела
赏	shǎng	V	4	любоваться; награждать; награда
上个月	shànggeyuè		4	прошлый месяц; в прошлом месяце
上楼	shànglóu		4	подниматься по лестнице; подняться
上门	shàngmén		4	приходить (на дом); наносить визит
烧	shāo	V	4	жечь; варить, тушить; температура (жар)
身高	shēngāo	N	4	рост (человека)
深厚	shēnhòu	Adj	4	глубокий (о чувствах); прочный
诗人	shīrén	N	4	поэт, стихотворец
湿	shī	Adj	4	сырой, влажный; мокрый
食堂	shítáng	N	4	столовая; буфет; кафетерий
使劲	shǐjìn		4	изо всех сил; поднажать
市区	shìqū	N	4	район города, городской район
收回	shōuhuí		4	забрать обратно; отзывать; вернуть себе
手里	shǒuli		4	в руках; при себе
守	shǒu	V	4	охранять, защищать, оборонять
首	shǒu	M/N	4	сч. слово для стихов и песен; голова; первый
暑假	shǔjià	N	4	летние каникулы; летний отпуск
树林	shùlín	N	4	лес; роща
树叶	shùyè	N	4	листва; лист
刷牙	shuāyá		4	чистить зубы
刷子	shuāzi	N	4	щётка
帅哥	shuàigē	N	4	красавчик, красавец, симпатичный парень
率先	shuàixiān	Adv	4	прежде всего, в первую голову
睡着	shuìzháo		4	заснуть; спать
松	sōng	Adj/V	4	расслаблять; рыхлый; свободный; сосна
松树	sōngshù	N	4	сосна
塑料	sùliào	N	4	пластмасса, пластик
酸奶	suānnǎi	N	4	йогурт; айран, кефир
孙女	sūnnǚ	N	4	внучка
台上	táishàng	N	4	на сцене
套餐	tàocān	N	4	комплексный обед
特价	tèjià	N	4	специальная стоимость, сниженная цена
体操	tǐcāo	N	4	гимнастика, физическое упражнение
体检	tǐjiǎn	V	4	медосмотр; медицинское обследование
体重	tǐzhòng	N	4	вес, масса тела
替	tì	V/Prep	4	вместо, за; заменять
替代	tìdài	V	4	заменять, замещать; замена, альтернатива
填	tián	V	4	заполнять, наполнять; заделывать
挑	tiāo / tiǎo	V	4	выбирать; нести на коромысле; придираться
挑选	tiāoxuǎn	V	4	выбирать, избирать, отбирать; отбор
贴	tiē	V	4	приклеить; наклеить; заклеить
停下	tíngxia		4	останавливаться, остановиться
通知书	tōngzhīshū	N	4	извещение, уведомление в письменной форме
童年	tóngnián	N	4	детство
投	tóu	V	4	бросать; вкладывать; голосовать
投入	tóurù	V/N	4	вкладывать; включаться; вложения
投诉	tóusù	V	4	жалоба; жаловаться, подавать жалобу
透	tòu	V/Adj	4	проникать; насквозь; полностью
途中	túzhōng	N	4	в пути, на пути, по дороге
外汇	wàihuì	N	4	иностранная валюта
外交官	wàijiāoguān	N	4	дипломат; дипломатический представитель
外套	wàitào	N	4	пальто; куртка; верхняя одежда
晚点	wǎndiǎn		4	опаздывать (о транспорте); опоздание
王	wáng	N	4	король; князь; царь
网址	wǎngzhǐ	N	4	адрес сайта; URL
微信	wēixìn	N	4	WeChat (мессенджер Вичат)
味儿	wèir	N	4	вкус; привкус; запах; налёт; оттенок
稳	wěn	Adj	4	устойчивый; надёжный; спокойный
无法	wúfǎ	V	4	нет возможности, невозможно; нет выхода
无所谓	wúsuǒwèi	V	4	несущественно; не имеет значения
无限	wúxiàn	Adj	4	неограниченный, беспредельный, безграничный
五颜六色	wǔyánliùsè		4	разноцветный; всех цветов радуги
吸	xī	V	4	вдыхать, втягивать; затягиваться, курить
吸管	xīguǎn	N	4	трубка; соломинка, коктейльная трубочка
吸烟	xīyān	V	4	курить, курение
喜爱	xǐài	V	4	любить; нравиться; предпочтение
细	xì	Adj	4	тонкий; мелкий; тщательный
下个月	xiàgeyuè		4	следующий месяц; в следующем месяце
下降	xiàjiàng	V	4	спускаться, опускаться; падать
下楼	xiàlóu		4	спуститься, сойти по лестнице
夏季	xiàjì	N	4	летний сезон; лето
鲜	xiān	Adj	4	свежий; яркий; вкусный
鲜花	xiānhuā	N	4	цветы, свежесрезанные цветы
箱	xiāng	M	4	ящик; чемодан; сч. слово для ящиков
箱子	xiāngzi	N	4	ящик, сундук, чемодан, контейнер
相片	xiàngpiàn	N	4	фотография, фотокарточка
小型	xiǎoxíng	Adj	4	маленький, малый, малого размера
新型	xīnxíng	Adj	4	нового типа; новая модель
型	xíng	N	4	тип; модель; форма
型号	xínghào	N	4	модель; марка; артикул
胸部	xiōngbù	N	4	грудь; грудная клетка
学分	xuéfēn	N	4	зачётная единица; кредит (в вузе)
学年	xuénián	N	4	учебный год, академический год
学时	xuéshí	N	4	академический час, учебный час
牙	yá	N	4	зуб
牙刷	yáshuā	N	4	зубная щётка
亚运会	Yàyùnhuì	N	4	Азиатские игры, Азиада
严	yán	Adj	4	строгий; суровый; серьёзный
研究	yánjiū	V	4	исследовать, изучать; исследование
研制	yánzhì	V	4	разработать, разрабатывать и производить
眼泪	yǎnlèi	N	4	слёзы
眼里	yǎnli	N	4	в глазах; на взгляд
药物	yàowù	N	4	лекарственное вещество
医疗	yīliáo	V	4	лечить; лечение; лечебный; медицина
医学	yīxué	N	4	медицина
移	yí	V	4	перемещать; двигать; менять
以内	yǐnèi	N	4	в пределах; внутри; не более
一般来说	yībānláishuō		4	вообще говоря ..., в сущности ..., в общем
引	yǐn	V	4	вести; привлекать; цитировать
引进	yǐnjìn	V	4	вводить, внедрять
应	yīng / yìng	V	4	следует; отвечать; соглашаться
赢得	yíngdé	V	4	выиграть, получить, добиться
优良	yōuliáng	Adj	4	отличный, лучший, превосходный, оптимальный
有劲儿	yǒujìnr		4	сильный; энергичный; интересно
有限	yǒuxiàn	Adj	4	ограниченный
语音	yǔyīn	N	4	произношение; голосовое (сообщение); фонетика
玉	yù	N	4	нефрит; яшма
预测	yùcè	V	4	предполагать, делать предположения
遇	yù	V	4	встречаться, съезжаться, сходиться
遇见	yùjiàn	V	4	встречать; встречаться с
月底	yuèdǐ	N	4	конец месяца, последние дни месяца
运动会	yùndònghuì	N	4	спортивные состязания, спартакиада, олимпиада
运动员	yùndòngyuán	N	4	спортсмен
在于	zàiyú	V	4	заключаться в; состоять в; зависеть от
赞赏	zànshǎng	V	4	восхищаться, восторгаться, восхвалять
战胜	zhànshèng	V	4	побеждать, преодолевать
战士	zhànshì	N	4	боец; воин; солдат
招呼	zhāohu	V	4	звать; окликать; приветствовать
着火	zháohuǒ		4	загореться
针	zhēn	N	4	иголка; игла; булавка; шпилька; спица
之后	zhīhòu	N	4	после; после того, как; спустя; через
之间	zhījiān	N	4	в промежутке между..., среди..., меж
之前	zhīqián	N	4	перед этим, до этого, прежде, раньше, ранее
之一	zhīyī	N	4	один из
治	zhì	V	4	лечить; управлять; наводить порядок
种类	zhǒnglèi	N	4	разновидность, род, порода
中奖	zhòngjiǎng		4	выиграть в лотерею
种植	zhòngzhí	V	4	сеять, засевать; сажать; выращивать
转动	zhuǎndòng / zhuàndòng	V	4	вращать, вертеть; доворот
转身	zhuǎnshēn		4	поворачиваться кругом; поворот кругом
转弯	zhuǎnwān		4	поворачиваться, разворачиваться
装修	zhuāngxiū	V	4	отделывать; отделка, ремонт
装置	zhuāngzhì	V/N	4	устройство; установка; монтировать
自	zì	Prep	4	от, с (начиная с); сам
嘴巴	zuǐba	N	4	рот
作出	zuòchū		4	сделать; принять (решение); произвести
做梦	zuòmèng		4	видеть во сне; видеть сон; мечтать
岸上	ànshang		5	на берегу, береговой, прибрежный
拔	bá	V	5	вытаскивать, выдёргивать, вытягивать
白酒	báijiǔ	N	5	байцзю (китайская водка)
版	bǎn	N	5	издание; версия; полоса (газеты)
报警	bàojǐng		5	вызвать полицию; поднять тревогу
背包	bēibāo	N	5	вещевой мешок; ранец; рюкзак
悲剧	bēijù	N	5	трагедия, драма
悲伤	bēishāng	Adj	5	грустный; скорбный; горевать
辈	bèi	N	5	поколение; сч. слово для поколений
必	bì	Adv	5	обязательно; непременно
闭幕	bìmù		5	закрываться (о мероприятии); закрытие
闭幕式	bìmùshì	N	5	церемония закрытия
变动	biàndòng	V	5	изменяться; изменение; перемена; смена
饼	bǐng	N	5	лепёшка, пирожок, блин; печенье, галета
博客	bókè	N	5	блог, онлайновый дневник
不利	bùlì	Adj	5	невыгодный, неблагоприятный
不幸	bùxìng	Adj	5	несчастный; к несчастью; несчастье; беда
不易	bùyì	Adj	5	нелегко; трудно
不曾	bùcéng	Adv	5	никогда не; ещё не
不良	bùliáng	Adj	5	нехороший, дурной
不能不	bùnéngbù		5	невозможно не; не может не; нельзя не
不停	bùtíng		5	непрерывно, непрестанно, без остановки
不许	bùxǔ	V	5	не разрешать, запрещать, не допускать
猜测	cāicè	V	5	предугадывать, предполагать
餐馆	cānguǎn	N	5	ресторан
餐饮	cānyǐn	N	5	еда и питье; общественное питание
草原	cǎoyuán	N	5	степь; луга
叉	chā	V	5	вилка; крестик; вилы
查询	cháxún	V	5	запрос; запрашивать, наводить справки
差点儿	chàdiǎnr	Adv	5	чуть не; едва не
差一点儿	chàyīdiǎnr	Adv	5	чуть не; едва не
拆除	chāichú	V	5	разбирать; демонтировать; сносить
长度	chángdù	N	5	длина, протяжённость
长寿	chángshòu	Adj	5	долголетие; долгожитель
肠	cháng	N	5	кишки; внутренности; кишечник; нутро
厂长	chǎngzhǎng	N	5	директор завода
车主	chēzhǔ	N	5	владелец автомобиля, автовладелец
城里	chénglǐ	N	5	в городе
乘车	chéngchē		5	ехать на машине (автобусе); садиться в транспорт
乘客	chéngkè	N	5	пассажир
迟	chí	Adj	5	поздний; опаздывать
愁	chóu	V	5	печалиться; тревожиться
出汗	chūhàn		5	потеть
出于	chūyú	V	5	проистекать из, возникать из, исходить из
初期	chūqī	N	5	начальный период, начальная фаза; начало
处罚	chǔfá	V/N	5	налагать взыскание, подвергать наказанию
处在	chǔzài	V	5	находиться в..., пребывать в
辞典	cídiǎn	N	5	словарь
此后	cǐhòu	N	5	после этого, впоследствии
此刻	cǐkè	N	5	в данную минуту, сейчас
此时	cǐshí	N	5	при этом, в это время; в настоящее время
从中	cóngzhōng	Adv	5	из этого; при этом; посредничая
脆	cuì	Adj	5	хрустящий; хрупкий
存款	cúnkuǎn	N	5	вклад; сбережения; класть на счёт
寸	cùn	M	5	цунь (3,3 см); крошечный
答	dá	V	5	отвечать, давать ответ
大胆	dàdǎn	Adj	5	смелый; смело, отважно; смелость, отвага
大都	dàdū	Adv	5	большей частью; в основном
大纲	dàgāng	N	5	программа (курса); общий план
大奖赛	dàjiǎngsài	N	5	гран-при
大脑	dànǎo	N	5	головной мозг
大事	dàshì	N	5	важное дело; событие
大厅	dàtīng	N	5	зал; холл; вестибюль
大熊猫	dàxióngmāo	N	5	большая панда, бамбуковый медведь
大于	dàyú	V	5	больше чем
待	dāi	V	5	оставаться, находиться; ждать; обращаться с
带有	dàiyǒu		5	иметь; быть снабжённым
单一	dānyī	Adj	5	единственный; единый
胆	dǎn	N	5	смелость; жёлчный пузырь
胆小	dǎnxiǎo	Adj	5	трусливый, робкий; трусость, робость
当年	dāngnián	N	5	в те годы; в том же году
到来	dàolái	V	5	прибыть; приезд, прибытие
倒是	dàoshì	Adv	5	впрочем; наоборот; всё же
得了	déle	V	5	хватит!; ладно; готово
得以	déyǐ	V	5	получить возможность
低于	dīyú		5	меньше чем, менее
地带	dìdài	N	5	зона; пояс; полоса
地形	dìxíng	N	5	рельеф местности; местность, ландшафт
递给	dìgěi		5	вручать, передавать, подавать
点燃	diǎnrán	V	5	зажигать; поджигать
电饭锅	diànfànguō	N	5	электрическая рисоварка
电子版	diànzǐbǎn	N	5	электронное издание; электронная версия
豆制品	dòuzhìpǐn	N	5	соевые изделия, бобовые изделия
毒	dú	N/V/Adj	5	яд; наркотик; ядовитый; жестокий
躲	duǒ	V	5	прятаться, скрываться; уклоняться от
儿女	érnǚ	N	5	сыновья и дочери; дети
二维码	èrwéimǎ	N	5	QR-код
罚	fá	V	5	штрафовать, налагать штраф
法规	fǎguī	N	5	законы и правила; нормативный акт
法制	fǎzhì	N	5	законодательство; система законов
返回	fǎnhuí	V	5	возвращаться, вернуться
分成	fēnchéng		5	делиться на; дифференцироваться
分类	fēnlèi		5	классифицировать, систематизировать
分离	fēnlí	V	5	делить, отделять, сепарировать
分享	fēnxiǎng	V	5	делиться (с кем-л.); поделиться
疯	fēng	Adj	5	сумасшедший; сойти с ума
负责人	fùzérén	N	5	ответственное лицо, ответственный сотрудник
钢笔	gāngbǐ	N	5	ручка, перьевая ручка; стило
钢琴	gāngqín	N	5	пианино, рояль, фортепиано
高大	gāodà	Adj	5	высокий и большой; рослый
高度	gāodù	N/Adj	5	высота; высокий (уровень); в высшей степени
高跟鞋	gāogēnxié	N	5	туфли на высоком каблуке
高温	gāowēn	N	5	высокая температура
高于	gāoyú	V	5	быть выше, превышать
高原	gāoyuán	N	5	плоскогорье, нагорье, плато; высокогорье
搞好	gǎohǎo		5	хорошо сделать
歌曲	gēqǔ	N	5	песня
个儿	gèr	N	5	рост; размер; штука
更换	gēnghuàn	V	5	заменять; менять
工艺	gōngyì	N	5	технология; ремесло; мастерство
工作日	gōngzuòrì	N	5	рабочий день, трудовой день, будний день
共享	gòngxiǎng	V	5	совместно пользоваться; шеринг
沟	gōu	N	5	канава; ров; овраг
鼓	gǔ	N/V	5	барабан; хлопать (в ладоши); воодушевлять
光线	guāngxiàn	N	5	свет; луч; освещение
广	guǎng	Adj	5	широкий, обширный
鬼	guǐ	N	5	призрак; чёрт; хитрый
柜子	guìzi	N	5	шкаф; комод
国民	guómín	N	5	граждане; народ; национальный
害	hài	N/V	5	вред; вредить; страдать от
好运	hǎoyùn	N	5	удача, счастье, везение
盒	hé	N/M	5	коробка, коробок, шкатулка, ларец, футляр
盒饭	héfàn	N	5	еда в коробке, фастфуд, бэнто
贺卡	hèkǎ	N	5	поздравительная открытка
猴	hóu	N	5	обезьяна
胡同儿	hútòngr	N	5	переулок, улица, проезд, хутун
胡子	húzi	N	5	борода; усы
虎	hǔ	N	5	тигр
华语	Huáyǔ	N	5	китайский язык (за пределами КНР)
滑	huá	Adj/V	5	скользкий; скользить; кататься (на лыжах)
画面	huàmiàn	N	5	изображение, кадр, проекция
慌	huāng	Adj	5	паниковать; растерянный; нервничать
灰色	huīsè	N/Adj	5	серый цвет; серый
回头	huítóu	Adv	5	оборачиваться; потом, попозже
回信	huíxìn	N	5	ответное письмо; ответить на письмо
汇款	huìkuǎn		5	денежный перевод; переводить деньги
会谈	huìtán	V/N	5	переговоры; беседа
火腿	huǒtuǐ	N	5	ветчина; окорок
火灾	huǒzāi	N	5	пожар
或是	huòshì	Conj	5	или; либо
机器人	jīqìrén	N	5	робот
机制	jīzhì	N	5	механизм
挤	jǐ	V/Adj	5	тесниться; давить; выжимать; тесный
加热	jiārè		5	нагревать, подогревать
加上	jiāshàng	Conj	5	прибавить; к тому же; плюс
加速	jiāsù	V	5	ускорять; ускорение; разгон; ускоренный
加以	jiāyǐ	V/Conj	5	подвергать (обработке); применять; к тому же
夹	jiā	V	5	зажимать; папка; прослойка
价	jià	N	5	цена; стоимость
驾照	jiàzhào	N	5	водительские права
肩	jiān	N	5	плечо; буртик
减轻	jiǎnqīng	V	5	облегчить, смягчить; уменьшить; ослабить
剪	jiǎn	V	5	резать, обрезать, отрезать
剪子	jiǎnzi	N	5	ножницы
建造	jiànzào	V	5	строить, сооружать
键	jiàn	N	5	клавиша; кнопка
将	jiāng	Adv/Prep	5	в будущем; вот-вот; частица (как 把)
将要	jiāngyào	Adv	5	в будущем; вот-вот
胶带	jiāodài	N	5	скотч, клейкая лента; лента резины
脚步	jiǎobù	N	5	шаг, шаги; походка, поступь
戒	jiè	V	5	бросить (курить); остерегаться; кольцо
今日	jīnrì	N	5	сегодняшний день; сегодня
紧紧	jǐnjǐn		5	вплотную, плотно, неуклонно, крепко-накрепко
尽可能	jìnkěnéng		5	как только можно, насколько возможно
景象	jǐngxiàng	N	5	картина; вид; зрелище
酒鬼	jiǔguǐ	N	5	запойный пьяница, пропойца, алкоголик
救灾	jiùzāi		5	помощь пострадавшим от бедствия
局长	júzhǎng	N	5	начальник управления (бюро)
决不	juébù		5	ни в коем случае, никак не...
军人	jūnrén	N	5	военнослужащий, военный
开幕	kāimù		5	открываться (о мероприятии); открытие
看成	kànchéng		5	считать за..., рассматривать как
看出	kànchū		5	разглядеть, рассмотреть, заметить
烤肉	kǎoròu	N	5	жареное мясо; шашлык; жаркое; барбекю
靠近	kàojìn	V	5	приблизиться; вблизи, рядом, около
咳	ké	V	5	кашлять
可	kě	Adv/Conj	5	но, однако; можно; очень (усиление)
客气	kèqi	Adj/V	5	вежливый; церемониться; стесняться
空中	kōngzhōng	N	5	в воздухе; в пустоте; воздушный; аэро
口号	kǒuhào	N	5	лозунг, призыв, девиз, слоган
库	kù	N	5	склад, хранилище; склад оружия, арсенал
宽度	kuāndù	N	5	ширина
狂	kuáng	Adj	5	бешеный; взбесившийся
亏	kuī	V	5	нести убытки; к счастью (亏了); обидеть
困扰	kùnrǎo	V	5	мучить, беспокоить, тревожить, досаждать
来信	láixìn	N	5	входящее письмо, полученное письмо
礼	lǐ	N	5	этикет; подарок; церемония
礼拜	lǐbài	N/V	5	неделя; воскресенье; богослужение
立	lì	V	5	стоять; ставить; учреждать; немедленно
连接	liánjiē	V	5	соединять; подключать; связывать
脸盆	liǎnpén	N	5	таз для умывания
脸色	liǎnsè	N	5	цвет лица; выражение лица
两岸	liǎngàn	N	5	оба берега (пролива); материк и Тайвань
铃声	língshēng	N	5	звонок; рингтон
领带	lǐngdài	N	5	галстук
令	lìng	V	5	приказ; заставлять, вызывать (чувство)
流动	liúdòng	V	5	течь; перемещаться; текучий
漏洞	lòudòng	N	5	лазейка; пробел; дыра
买卖	mǎimai	N	5	торговля; бизнес; сделка
毛笔	máobǐ	N	5	писчая кисть
冒	mào	V	5	выпускать (пар, дым); рисковать; выдавать себя за
煤	méi	N	5	уголь; каменный уголь; сажа, копоть
煤气	méiqì	N	5	газ; светильный газ; газовый
明亮	míngliàng	Adj	5	светлый, яркий, ясный
摩托	mótuō	N	5	мотоцикл; мотор
男性	nánxìng	N	5	мужской пол; мужская природа; мужчина
南北	nánběi	N	5	Юг и Север
南极	nánjí	N	5	Южный полюс; Октант
难以	nányǐ	V	5	трудно, невозможно
脑子	nǎozi	N	5	мозг; голова; память; способности
年前	niánqián	N	5	лет назад; до ... года
农产品	nóngchǎnpǐn	N	5	сельскохозяйственная продукция
女性	nǚxìng	N	5	женский пол; женщина; женский
暖	nuǎn	Adj/V	5	тёплый; тепло
偶像	ǒuxiàng	N	5	кумир; идол; айдол
拍摄	pāishè	V	5	снимать; фотографировать; съемка
旁	páng	N/Pron	5	сторона; бок; рядом
赔	péi	V	5	возмещать; терпеть убыток
喷	pēn	V	5	брызгать; распылять; фонтанировать
骗子	piànzi	N	5	мошенник, обманщик, плут, жулик, шулер
拼	pīn	V	5	собирать (из частей); складывать; биться изо всех сил
品	pǐn	V/Suffix	5	товар, изделие; пробовать (на вкус); сорт
葡萄酒	pútaojiǔ	N	5	виноградное вино
其	qí	Pron	5	его; их; этот; тот
启动	qǐdòng	V	5	запускать (двигатель, программу); стартовать
起到	qǐdào		5	играть (роль); оказывать (действие)
气体	qìtǐ	N	5	газ
签	qiān	V	5	подписывать; надписывать
签名	qiānmíng		5	подписать, расписаться, поставить подпись
签约	qiānyuē		5	подписать договор
强度	qiángdù	N	5	напряжённость, прочность, интенсивность
墙壁	qiángbì	N	5	стена
敲门	qiāomén		5	стучать в дверь
琴	qín	N	5	музыкальный инструмент (钢琴, 小提琴); цитра
全都	quándōu	Adv	5	полностью, совершенно, всё в целом
全世界	quánshìjiè		5	весь мир; всемирный
泉	quán	N	5	источник, родник, ключ; фонтан
群体	qúntǐ	N	5	группа; сообщество; коллектив
热量	rèliàng	N	5	калории; количество теплоты
人力	rénlì	N	5	рабочая сила; людские ресурсы
忍	rěn	V	5	стерпеть, выносить; сдерживать
认	rèn	V	5	узнавать; признавать; считать
如此	rúcǐ	Pron	5	такой; таков; подобный этому
如同	rútóng	V	5	словно, подобно, как
如下	rúxià	V	5	как следует ниже; следующий
入门	rùmén		5	основы; введение (для начинающих); войти в дверь
杀毒	shādú		5	удалить вирус; антивирусный
山区	shānqū	N	5	гористый район, горная местность; горный
扇	shān / shàn	V/M/N	5	веер; сч. слово для дверей, окон; обмахивать
上下	shàngxià	N	5	верх и низ; около, примерно; вверх и вниз
上涨	shàngzhǎng	V	5	подниматься, повышаться, возрастать, расти
稍	shāo	Adv	5	немного, несколько; чуть-чуть, слегка
舍得	shěde	V	5	не жалеть (отдать); быть готовым расстаться
社	shè	N	5	общество; агентство; издательство (报社, 旅行社)
射	shè	V	5	стрелять; излучать; бросать (мяч)
摄像	shèxiàng	V	5	снимать видео; видеосъёмка
摄像机	shèxiàngjī	N	5	видеокамера
摄影师	shèyǐngshī	N	5	фотограф; кинооператор
深处	shēnchù	N	5	глубь, глубина; глубинный, глубокий
深度	shēndù	N	5	глубина; глубокий, углублённый
神	shén	N	5	бог; дух; волшебный; выражение (лица)
升高	shēnggāo		5	повышаться; подниматься
生成	shēngchéng	V	5	образовываться; генерировать; формирование
声	shēng	N/M	5	звук; голос; сч. слово для звуков
剩下	shèngxia		5	оставаться; быть в остатке; оставшийся
诗歌	shīgē	N	5	стихи, поэзия; поэтический
使得	shǐde	V	5	дать возможность; привести к тому, что
式	shì	N	5	тип; форма; стиль; формула; церемония
视频	shìpín	N	5	видео, видеоролик, клип
视为	shìwéi		5	считать за..., рассматривать как..., смотреть
收购	shōugòu	V	5	скупать; закупать; поглощение (компании)
收集	shōují	V	5	собирать; подбирать; коллекционировать
手段	shǒuduàn	N	5	средство, мера; метод, приём, манёвр
寿司	shòusī	N	5	суши
受灾	shòuzāi		5	пострадать от стихийных бедствий
书柜	shūguì	N	5	книжный шкаф
书桌	shūzhuō	N	5	стол для занятий; письменный стол; бюро
输出	shūchū	V	5	выводить; экспорт; выход (данных)
鼠	shǔ	N	5	мышь; крыса
摔倒	shuāidǎo		5	упасть; повалить
双手	shuāngshǒu		5	две руки, обе руки; обеими руками
水产品	shuǐchǎnpǐn	N	5	продукты водного промысла
水分	shuǐfèn	N	5	влага; влажность; приукрашивание
水库	shuǐkù	N	5	водохранилище, водоём
水灾	shuǐzāi	N	5	наводнение, потоп
睡眠	shuìmián	N	5	сон
说法	shuōfǎ	N	5	формулировка; версия; мнение
四周	sìzhōu	N	5	вокруг, кругом, со всех сторон
搜	sōu	V	5	искать; обыскивать
酸甜苦辣	suāntiánkǔlà		5	все вкусы жизни; радости и горести
随后	suíhòu	Adv	5	после чего; вслед за тем
损害	sǔnhài	V	5	испортить, повредить, причинить ущерб
所在	suǒzài	N	5	местонахождение
抬头	táitóu		5	поднять голову; воспрянуть
逃跑	táopǎo	V	5	бежать; обратиться в бегство; убежать
逃走	táozǒu	V	5	бежать, обратиться в бегство
桃花	táohuā	N	5	цветы персика
桃树	táoshù	N	5	персик, персиковое дерево
特性	tèxìng	N	5	особенность, свойство, характерная черта
特有	tèyǒu	Adj	5	характерный, специфический, присущий
提起	tíqǐ	V	5	упоминать; поднимать (вопрос); подхватить
体力	tǐlì	N	5	физическая сила; энергия, запас сил
厅	tīng	N	5	зал; холл; департамент
停留	tíngliú	V	5	задерживаться, оставаться, останавливаться
偷	tōu	V/Adv	5	воровать; тайком
偷偷	tōutōu	Adv	5	тайком; украдкой; незаметно; втихомолку
兔	tù	N	5	заяц; кролик
团长	tuánzhǎng	N	5	руководитель группы (делегации); командир полка
推行	tuīxíng	V	5	вводить в действие; проводить в жизнь
完了	wánle	Conj	5	закончиться; всё пропало!; закончив
微博	wēibó	N	5	микроблог, микроблоггинг
为止	wéizhǐ	V	5	до (какого-то момента); вплоть до
为主	wéizhǔ	V	5	быть главным; в основном; преимущественно
违法	wéifǎ		5	нарушить закон
违规	wéiguī		5	нарушать правила; нарушение
握	wò	V	5	держать (в руке); пожимать (руку)
污水	wūshuǐ	N	5	сточные воды; грязная вода; помои
屋	wū	N	5	дом; комната
无疑	wúyí	V	5	несомненно; бесспорно
舞	wǔ	N/V	5	танец; танцевать
物价	wùjià	N	5	цены (на товары)
物业	wùyè	N	5	управляющая компания (ЖКХ); недвижимость
西装	xīzhuāng	N	5	костюм (европейский)
喜剧	xǐjù	N	5	комедия
戏	xì	N	5	пьеса; спектакль; театр; играть
先后	xiānhòu	N/Adv	5	сначала и потом; последовательно; один за другим
闲	xián	Adj	5	свободный, незанятый; праздный
显	xiǎn	V	5	проявляться; выглядеть; очевидный
现有	xiànyǒu		5	существующий; имеющийся, наличествующий
献	xiàn	V	5	преподносить; посвящать; жертвовать
乡	xiāng	N	5	деревня; волость; родные места
乡村	xiāngcūn	N	5	деревня; сельский посёлок
香肠	xiāngcháng	N	5	сосиска; колбаса
向前	xiàngqián		5	вперед, прямо, перед собой
向上	xiàngshàng	V	5	вверх, наверх
相声	xiàngsheng	N	5	сяншэн (комический диалог)
消费者	xiāofèizhě	N	5	потребитель
小偷儿	xiǎotōur	N	5	вор, воришка, карманник
协议书	xiéyìshū	N	5	соглашение
信箱	xìnxiāng	N	5	почтовый ящик
行驶	xíngshǐ	V	5	ехать; двигаться (о транспорте)
熊	xióng	N	5	медведь
修养	xiūyǎng	N	5	воспитанность; культура (личная); самосовершенствование
选修	xuǎnxiū	V	5	изучать факультативно; курс по выбору
学科	xuékē	N	5	учебная дисциплина; отрасль науки
学者	xuézhě	N	5	учёный
寻求	xúnqiú	V	5	искать, изыскивать
鸭子	yāzi	N	5	утка
言语	yányǔ	N	5	речь, язык; речи, слова
研究所	yánjiūsuǒ	N	5	исследовательский институт
摇头	yáotóu		5	качать головой
也好	yěhǎo	Aux	5	тоже неплохо; …ли, …ли (всё равно)
夜间	yèjiān	N	5	ночь, ночное время
依法	yīfǎ	Adv	5	согласно законам, на основании законов
依照	yīzhào	V/Prep	5	согласно, по, в соответствии
一带	yīdài	N	5	район; окрестности
一句话	yījùhuà		5	одним словом; одна фраза
一下子	yīxiàzi	Adv	5	сразу; вдруг; разом
一口气	yīkǒuqì	Adv	5	на одном дыхании; за один присест
一身	yīshēn	N	5	всё тело; с ног до головы; комплект (одежды)
用不着	yòngbuzháo	V	5	нет нужды, незачем, ни к чему, не нужен
用来	yònglái		5	использовать для; служить для
用于	yòngyú		5	применяться в; использоваться для
由此	yóucǐ		5	отсюда; из этого; поэтому
游泳池	yóuyǒngchí	N	5	плавательный бассейн
有毒	yǒudú		5	ядовитый, токсический; отравляющий
有害	yǒuhài		5	вредный, вредоносный; вредить
有力	yǒulì	Adj	5	сильный, мощный; энергичный; крепкий
有利于	yǒulìyú		5	на благо, в интересах
有着	yǒuzhe	V	5	иметь; обладать
雨水	yǔshuǐ	N	5	дожди; дождь; осадки; дождевая вода
预备	yùbèi	V	5	готовить; подготавливать; собираться
原有	yuányǒu		5	ранее имевшийся, издавна существующий
远处	yuǎnchù	N	5	отдалённое место, даль, далёкое
怨	yuàn	V	5	обижаться; винить; жаловаться
愿	yuàn	V	5	желать; хотеть; желание
月饼	yuèbing	N	5	юэбин, лунный пряник
月球	yuèqiú	N	5	Луна
阅览室	yuèlǎnshì	N	5	читальный зал, читальня
运	yùn	V	5	перевозить; удача, судьба; движение
灾	zāi	N	5	бедствие; несчастье
灾区	zāiqū	N	5	район бедствия, пострадавший район
再次	zàicì	Adv	5	повторно, ещё раз, снова, вторично, опять же
再也	zàiyě		5	больше (не); никогда больше
在场	zàichǎng	V	5	присутствовать; присутствие
在内	zàinèi	V	5	включая; в том числе
暂停	zàntíng	V	5	приостановить, остановиться; пауза
糟	zāo	Adj	5	плохо; скверный; испортить
早期	zǎoqī	N	5	ранний период, начало; ранний
增	zēng	V	5	увеличивать, прибавлять, добавлять
增产	zēngchǎn		5	увеличивать выпуск продукции
增大	zēngdà	V	5	увеличивать, расширять; прибавлять
增多	zēngduō	V	5	умножать, увеличивать; усиливать
增强	zēngqiáng	V	5	укреплять, усиливать, укрепляться
赠	zèng	V	5	дарить, преподносить; одаривать
涨价	zhǎngjià		5	дорожать
招生	zhāoshēng		5	набирать учащихся
招手	zhāoshǒu		5	помахать кому-либо рукой
真诚	zhēnchéng	Adj	5	искренний; непритворный; честный
正版	zhèngbǎn	N	5	официальный, лицензионный
正如	zhèngrú	V	5	именно так, как будто, будто
挣	zhèng	V	5	зарабатывать (деньги); вырываться
之内	zhīnèi	N	5	в, внутри, в рамках, в пределах
之外	zhīwài	N	5	кроме; помимо того за исключением
之下	zhīxià	N	5	под; ниже; в условиях
之中	zhīzhōng	N	5	среди; в середине; в течение, во время
直线	zhíxiàn	N/Adj	5	прямая линия; линейный; прямолинейный
只不过	zhǐbùguò	Adv	5	всего лишь, всего-навсего; только
只见	zhǐjiàn		5	только и видно, что; и вдруг (видит)
至	zhì	V	5	до; к; самый (至少)
制成	zhìchéng		5	изготовить, произвести
中秋节	ZhōngqiūJié	N	5	Праздник середины осени; Праздник Луны
中药	zhōngyào	N	5	лекарства китайской медицины
中毒	zhòngdú		5	отравление, интоксикация
众多	zhòngduō	Adj	5	многочисленный, огромный; множество
主体	zhǔtǐ	N	5	субъект; главное действующее лицо
专辑	zhuānjí	N	5	альбом, коллекция, сборник
转化	zhuǎnhuà	V	5	обратить, превратить
转换	zhuǎnhuàn	V	5	менять, заменять, изменять
转向	zhuǎnxiàng	V	5	повернуть; изменить направление
自杀	zìshā	V	5	покончить с собой; самоубийство, суицид
总数	zǒngshù	N	5	общее число; сумма, итог; воен. парк
总体	zǒngtǐ	N	5	в целом; общий; совокупность
挨着	āizhe		6	прижиматься, быть около
挨打	áidǎ	V	6	терпеть побои, быть побитым
安检	ānjiǎn	V	6	досмотр (в аэропорту); проверка безопасности
罢了	bàle	Aux	6	и только; всего лишь; и всё
白领	báilǐng	N	6	белый воротничок, офисный работник
办公	bàngōng		6	работать (в офисе); заниматься служебными делами
办事处	bànshìchù	N	6	контора, агентство; представительство
办学	bànxué	V	6	управлять школой, вести школу
半决赛	bànjuésài	N	6	полуфинал
保健	bǎojiàn	V	6	охрана здоровья, здравоохранение
报刊	bàokān	N	6	печатные издания, пресса, печать
报考	bàokǎo	V	6	подавать документы (на экзамен, в вуз)
暴风雨	bàofēngyǔ	N	6	жестокий шторм, буря, гроза
暴雨	bàoyǔ	N	6	ливень, ливневый дождь, проливной дождь
爆	bào	V	6	взрываться; лопаться
背心	bèixīn	N	6	жилет, безрукавка, майка, борцовка
背着	bèizhe		6	за спиной (у кого-л.); тайком от; нести на спине
奔跑	bēnpǎo	V	6	бежать, мчаться, нестись; бег
本地	běndì	N	6	данная местность, здесь, наши места
本期	běnqī		6	текущий период; данный семестр
本土	běntǔ	N	6	родная земля; местный, отечественный
逼	bī	V	6	вынуждать; давить, наседать
笔试	bǐshì	V	6	письменный экзамен
必将	bìjiāng	Adv	6	обязательно, непременно, неизбежно, неминуемо
必修	bìxiū	Adj	6	обязательный, программный
闭	bì	V	6	закрывать, затворять; замыкать, запирать
编制	biānzhì	V	6	составлять (план); штат (сотрудников)
变更	biàngēng	V	6	изменять, переменять; переделывать
变换	biànhuàn	V	6	изменять, переменять, варьировать, чередовать
变形	biànxíng		6	видоизменение, вариант; деформация
便是	biànshì		6	и есть; даже если
遍地	biàndì	Adv	6	везде, повсюду, повсеместно
表面上	biǎomiànshang		6	с внешней стороны, внешне, поверхностно
病房	bìngfáng	N	6	больничная палата; комната больного
病情	bìngqíng	N	6	ход болезни; состояние больного
波动	bōdòng	V	6	колебаться; колебания
播	bō	V	6	транслировать; сеять
不便	bùbiàn	Adj/V	6	неудобный, неудобство; неудобно, неловко
不见	bùjiàn	V	6	не увидеть; не видно, не заметно
不再	bùzài	V	6	больше не
不至于	bùzhìyú	V	6	не дойдёт до того, чтобы; вряд ли
补考	bǔkǎo	V	6	пересдача; пересдавать
补课	bǔkè		6	дополнительные занятия; навёрстывать уроки
补习	bǔxí	V	6	дополнительно заниматься; репетиторство
补助	bǔzhù	V/N	6	пособие; субсидия; помогать
捕	bǔ	V	6	ловить; арестовывать
不成	bùchéng	V/Adj	6	не выйдет; не получится; неужели
不仅仅	bùjǐnjǐn		6	не только
不通	bùtōng	V	6	не проходит; непонятный; закрыт (проход)
不怎么	bùzěnme	Adv	6	не очень-то; не так уж; неважный
不怎么样	bùzěnmeyàng		6	не очень
不值	bùzhí	V	6	не стоить того
布满	bùmǎn		6	быть покрытым, усеянным
部队	bùduì	N	6	войска, формирования, подразделения
参赛	cānsài	V	6	участвовать в соревновании
参展	cānzhǎn	V	6	участвовать в выставке
餐	cān	M	6	приём пищи; сч. слово для приёмов пищи
残疾人	cánjírén	N	6	инвалид; калека
惨	cǎn	Adj	6	трагичный; ужасный; жестокий
藏	cáng	V	6	прятаться; прятать; хранить, сберегать
侧	cè	N/V	6	сторона; бок; боковой
测定	cèdìng	V	6	вычислять, измерять
层面	céngmiàn	N	6	плоскость; уровень; разрез; аспект
差异	chāyì	N	6	различие; разница
查出	cháchū		6	отыскивать, выявлять, выяснять, обнаруживать
查看	chákàn	V	6	проверять, обследовать, осматривать
拆迁	chāiqiān	V	6	снос и переселение
产量	chǎnliàng	N	6	объём производства, производственная мощность
长短	chángduǎn	N	6	длина, протяжённость; размер
长假	chángjià	N	6	длинные выходные; длительный отпуск
长久	chángjiǔ	Adj	6	долгий, продолжительный; постоянный
长跑	chángpǎo	N	6	бег на длинные дистанции, стайерский бег
长远	chángyuǎn	Adj	6	далёкий, дальний, долгосрочный, отдалённый
常规	chángguī	N	6	обычный порядок; норма; стандартный
厂商	chǎngshāng	N	6	производитель; фирма-изготовитель
场地	chǎngdì	N	6	площадка, площадь, поле; место
场馆	chǎngguǎn	N	6	стадион, спортивная арена, место проведения
场景	chǎngjǐng	N	6	сцена, картина, зрелище, вид, эпизод, локация
超	chāo	V	6	превышать; сверх-; супер-
超出	chāochū	V	6	выходить за рамки; превышать; превышение
炒股	chǎogǔ		6	спекулировать на бирже, играть на бирже
炒作	chǎozuò	V	6	продвигать, раскручивать, популяризировать
车号	chēhào	N	6	номер машины
车牌	chēpái	N	6	номерной знак
车展	chēzhǎn	N	6	автомобильная выставка, автомобильный салон
撤离	chèlí	V	6	вывести, эвакуировать
撑	chēng	V	6	подпирать; выдерживать; раскрывать (зонт)
成品	chéngpǐn	N	6	готовые изделия, готовая продукция
城区	chéngqū	N	6	городской район, город и его окрестности
城乡	chéngxiāng		6	город и деревня
城镇	chéngzhèn	N	6	городок, посёлок городского типа
持有	chíyǒu	V	6	обладать, иметь
重建	chóngjiàn	V	6	восстанавливать, заново отстраивать
重组	chóngzǔ	V	6	реорганизовывать
出场	chūchǎng		6	выходить (на сцену, поле)
出动	chūdòng	V	6	выступать; выезжать (о спасателях)
出访	chūfǎng	V	6	заграничная поездка, зарубежный визит
出面	chūmiàn		6	выступать (от лица); лично появляться
出名	chūmíng		6	прославиться, стать знаменитым
出入	chūrù	V/N	6	входить и выходить; расхождение
出事	chūshì		6	произошёл инцидент, случилось происшествие
出台	chūtái		6	выпускать (закон, политику); появляться
出行	chūxíng	V	6	поездка; отправляться в путь
初等	chūděng	Adj	6	первая ступень; первичный; начальный
厨师	chúshī	N	6	повар; кухарка
处处	chùchù	Adv	6	повсюду, везде, повсеместно
处长	chùzhǎng	N	6	начальник управления
传出	chuánchū		6	распространяться (о слухах); доноситься
传媒	chuánméi	N	6	СМИ; медиа
传输	chuánshū	V	6	передача, передавать
传言	chuányán	N/V	6	слухи; молва
船员	chuányuán	N	6	команда; экипаж; член экипажа, моряк
船长	chuánzhǎng	N	6	капитан судна; шкипер
船只	chuánzhī	N	6	суда, корабли
窗口	chuāngkǒu	N	6	окно; оконный проём; окошко
创办	chuàngbàn	V	6	впервые организовывать, основывать, учреждать
创建	chuàngjiàn	V	6	учреждать, основывать, строить заново
创意	chuàngyì	N/V	6	креативная идея; творческий замысел
此处	cǐchù		6	это место, здесь
此次	cǐcì		6	этот раз; на сей раз; этот, нынешний
此前	cǐqián	N	6	до, заранее, перед, раньше
此事	cǐshì	N	6	это дело
此致	cǐzhì	V	6	с уважением (в конце письма)
次数	cìshù	N	6	число раз, количество раз, частота
从不	cóngbù		6	никогда не; не было такого, чтобы
从没	cóngméi		6	никогда ещё не; до сих пор ещё не
村庄	cūnzhuāng	N	6	деревня; селение; село
错过	cuòguò	V	6	упустить; отстать, пропустить; потерять
打动	dǎdòng	V	6	трогать (душу); растрогать
打断	dǎduàn	V	6	прерывать; перебивать; сломать
打发	dǎfa	V	6	отправлять; коротать (время); отделаться
打牌	dǎpái	V	6	играть в карты (маджонг)
打印机	dǎyìnjī	N	6	принтер; печатающее устройство
打造	dǎzào	V	6	создавать; ковать; строить (бренд)
大道	dàdào	N	6	дорога, авеню, бульвар, магистраль, шоссе
大街	dàjiē	N	6	проспект
大力	dàlì	Adv	6	всеми силами; энергично; всемерно
大米	dàmǐ	N	6	рис
大批	dàpī	Adj	6	большая партия; массовый; много
大赛	dàsài	N	6	большие соревнования; крупный турнир
大师	dàshī	N	6	мастер, гуру, корифей, большой профессионал
大使	dàshǐ	N	6	посол
待会儿	dāihuìr		6	чуть позже; через минутку
担忧	dānyōu	V	6	тревожиться, беспокоиться; заботиться
单打	dāndǎ	N	6	одиночный разряд (в спорте)
当成	dàngchéng	V	6	принять за, считать, воспринимать как
当天	dàngtiān	N	6	в тот день; в этот же день
当作	dàngzuò	V	6	считать за; использовать как
档	dàng	N	6	полка; папка, досье; уровень, класс
到期	dàoqī		6	срок истёк; пора; наступает срок
盗版	dàobǎn	N	6	пиратство, нарушение авторских прав
道教	Dàojiào	N	6	даосская религия, даосизм; учение о Дао
低头	dītóu		6	опустить голову; потупиться; поклониться
低温	dīwēn	N	6	низкие температуры
地板	dìbǎn	N	6	настил, пол; паркет; половая доска
地名	dìmíng	N	6	название местности; топонимический
地下室	dìxiàshì	N	6	подвал, бейсмент
电车	diànchē	N	6	трамвай; троллейбус
电动	diàndòng	Adj	6	электрический (с электроприводом)
电力	diànlì	N	6	электроэнергия; электричество
电器	diànqì	N	6	электроприбор, электроаппарат
调研	diàoyán	V	6	проводить исследования, опрос, анкетирование
定价	dìngjià	N	6	установленная цена, расценка; тариф
定时	dìngshí	V/N	6	по расписанию; регулярно; таймер
定位	dìngwèi		6	определять местоположение; позиционирование
动画	dònghuà	N	6	анимация, мультипликация
赌	dǔ	V	6	играть в азартные игры
渡	dù	V	6	переправляться; пережить (трудности)
短片	duǎnpiàn	N	6	короткометражный фильм; короткометражный
对外	duìwài	V	6	внешний; для внешнего мира
多半	duōbàn	Num/Adv	6	больше половины; большей частью
多方面	duōfāngmiàn		6	многосторонний; во многих отношениях
多媒体	duōméitǐ	N	6	мультимедиа; мультимедийный
夺	duó	V	6	отнимать; захватывать; завоёвывать (приз)
夺取	duóqǔ	V	6	захватить, завоевать, завладеть, взять
恩人	ēnrén	N	6	благодетель
儿科	érkē	N	6	педиатрия; детское отделение
发病	fābìng		6	заболеть
发电	fādiàn		6	вырабатывать электроэнергию
发放	fāfàng	V	6	отпускать, предоставлять, выдавать
发怒	fānù		6	рассердиться, вспылить, разгневаться
发起	fāqǐ	V	6	начинать; учреждать; класть начало
发言人	fāyánrén	N	6	официальный представитель; спикер
法庭	fǎtíng	N	6	суд; зал суда
法语	Fǎyǔ	N	6	французский язык
番茄	fānqié	N	6	помидор, томат
反响	fǎnxiǎng	N	6	эхо, отзвук, отзыв, отголосок; резонанс
犯	fàn	V	6	преступать, совершать; нарушать
犯规	fànguī		6	нарушить правила
犯罪	fànzuì		6	совершить преступление
防范	fángfàn	V	6	предотвращать, предупреждать
房价	fángjià	N	6	цена квартиры, цена дома, стоимость жилья
飞船	fēichuán	N	6	дирижабль, воздушный корабль
飞行员	fēixíngyuán	N	6	лётчик, пилот, авиатор; лётный состав
分工	fēngōng		6	разделение труда
峰会	fēnghuì	N	6	саммит, встреча на высшем уровне
佛	fó	N	6	Будда; буддизм
佛教	Fójiào	N	6	буддийская религия, буддизм; буддийский
服	fú	V	6	одежда; принимать (лекарство); подчиняться
浮	fú	V	6	плавать (на поверхности); всплывать
父女	fùnǚ	N	6	отец и дочь
父子	fùzǐ	N	6	отец и сын; отцы и дети
负	fù	V	6	нести (ответственность); отрицательный; проиграть
复苏	fùsū	V	6	возрождаться, оживать; воскресать
富人	fùrén	N	6	богач; богатые люди
富有	fùyǒu	Adj/V	6	зажиточный, богатый, состоятельный
改装	gǎizhuāng	V	6	переоборудовать; переделывать; тюнинг
肝	gān	N	6	печень, печёнка; печёночный
杆	gǎn	N	6	палка; шест; столб
赶不上	gǎnbushàng	V	6	не догнать, не поспеть
赶忙	gǎnmáng	Adv	6	спешить, торопиться; быстро, поспешно
赶上	gǎnshàng		6	успевать, быть вовремя
敢于	gǎnyú	V	6	осмелиться, отважиться, решиться; готов
感人	gǎnrén	Adj	6	трогательный; трогающий, волнующий
刚好	gānghǎo	Adv	6	кстати, вовремя; как раз, в меру
高层	gāocéng	N/Adj	6	высший уровень (руководство); высотный
高等	gāoděng	Adj	6	высший (об образовании)
高科技	gāokējì	N	6	высокие технологии; хайтек
高手	gāoshǒu	N	6	мастер; знаток
稿子	gǎozi	N	6	черновик, набросок; черновой проект
歌唱	gēchàng	V	6	петь; пение
歌词	gēcí	N	6	текст песни; слова песни
歌星	gēxīng	N	6	звезда эстрады; известный певец
革新	géxīn	V/N	6	обновиться, переродиться; обновление
更是	gèngshì		6	тем более; ещё больше
工商	gōngshāng	N	6	промышленность и торговля
公	gōng	Adj	6	общественный; государственный; справедливый; самец
公安	gōngān	N	6	общественная безопасность; полиция
公鸡	gōngjī	N	6	петух
公众	gōngzhòng	N	6	общественность; публика
宫	gōng	N	6	дворец
构建	gòujiàn	V	6	создавать, строить, воздвигать
孤儿	gūér	N	6	сирота
股	gǔ	M	6	акция; доля; сч. слово для потоков, запахов
顾	gù	V	6	заботиться; обращать внимание; посещать (магазин)
拐	guǎi	V	6	поворачивать (за угол); похищать; костыль
关爱	guānài	V	6	заботиться и любить; забота
关联	guānlián	V	6	находиться в связи с; быть связанным с
官司	guānsi	N	6	судебное дело; тяжба
管道	guǎndào	N	6	трубопровод; канал (связи)
国产	guóchǎn	Adj	6	собственного производства, отечественный
国歌	guógē	N	6	государственный гимн
国会	guóhuì	N	6	парламент; парламентский; Конгресс
国旗	guóqí	N	6	государственный флаг
国王	guówáng	N	6	король
果酱	guǒjiàng	N	6	повидло, варенье, джем
果树	guǒshù	N	6	плодовое дерево
过后	guòhòu	N	6	в дальнейшем, впоследствии, потом, после
过时	guòshí	Adj	6	устаревший; вышедший из моды
海报	hǎibào	N	6	афиша, объявление; анонс
海底	hǎidǐ	N	6	морское дно, бенталь; подводный
海军	hǎijūn	N	6	военно-морской флот, военно-морские силы
海浪	hǎilàng	N	6	волнение на море; морская волна
海外	hǎiwài	N	6	за морем; за границей; заморский
海湾	hǎiwān	N	6	залив, губа, бухта
好容易	hǎoróngyì	Adj	6	с трудом; насилу
好不容易	hǎobùróngyì	Adj	6	с большим трудом; еле-еле
好似	hǎosì	V	6	быть похожим; похожий, словно; как будто
好转	hǎozhuǎn	V	6	повернуться к лучшему
好学	hàoxué	V	6	любознательный; прилежный
合约	héyuē	N	6	соглашение, контракт
黑夜	hēiyè	N	6	тёмная ночь
很难说	hěnnánshuō		6	трудно сказать
狠	hěn	Adj	6	жестокий; решительный; изо всех сил
衡量	héngliáng	V	6	оценивать; взвешивать; измерять
宏大	hóngdà	Adj	6	грандиозный, огромный, обширный, необъятный
互动	hùdòng	V	6	взаимодействовать; интерактивный
户外	hùwài	N	6	вне дома; на воздухе, на улице
护	hù	V	6	защищать; беречь; охранять; прикрывать
花费	huāfèi	V	6	тратить, затрачивать; траты, расходы
花瓶	huāpíng	N	6	ваза для цветов, цветочная ваза
化解	huàjiě	V	6	устранить, разрешить, нейтрализовать
回应	huíyìng	V	6	откликнуться, ответить, отозваться
毁	huǐ	V	6	разрушать; уничтожать; портить
会见	huìjiàn	V	6	встречаться (официально); встреча
会长	huìzhǎng	N	6	председатель общества
绘画	huìhuà	V	6	рисовать; писать красками; картина
昏	hūn	V	6	терять сознание; тёмный; сумерки
混	hùn	V/Adv	6	смешивать; перебиваться; кое-как жить
机动车	jīdòngchē	N	6	механическое транспортное средство
基督教	Jīdūjiào	N	6	христианство; христианский
吉利	jílì	Adj	6	счастливый, благоприятный
急救	jíjiù	V	6	первая помощь; оказывать первую помощь
集	jí	N/M	6	собирать; сборник; серия (сериала)
加盟	jiāméng	V	6	присоединяться; франшиза
家电	jiādiàn	N	6	бытовые электроприборы, бытовая техника
家园	jiāyuán	N	6	дом, родина, семейная обитель, домашний очаг
假日	jiàrì	N	6	выходной день, праздник
尖	jiān	Adj	6	острый; остроконечный, заострённый
监测	jiāncè	V	6	проверять, держать под контролем
简介	jiǎnjiè	V/N	6	краткое описание, общие сведения, аннотация
剑	jiàn	N	6	меч; искусство владеть мечом
箭	jiàn	N	6	стрела; выстрел, полёт стрелы
讲课	jiǎngkè		6	читать лекцию; проводить урок
酱	jiàng	N	6	соевая подлива, столовый соевый соус, соя
脚印	jiǎoyìn	N	6	след ноги
觉	jiào	N	6	сон (睡觉); чувствовать (jué)
教堂	jiàotáng	N	6	церковь; храм
教育部	jiàoyùbù	N	6	министерство образования
接收	jiēshōu	V	6	принимать (сигнал); получать
揭	jiē	V	6	срывать (покров); раскрывать; поднимать
街头	jiētóu	N	6	улица; уличный
节假日	jiéjiàrì	N	6	праздники и выходные
节能	jiénéng	V	6	энергосбережение; энергосберегающий
截止	jiézhǐ	V	6	истекать (о сроке); крайний срок
解	jiě	V	6	развязывать; решать (задачу); объяснять
解说	jiěshuō	V	6	комментировать; пояснять; комментарий
界	jiè	N/Suffix	6	сфера; круги (деловые); граница
文艺界	wényìjiè	N	6	работники литературы и искусства
金额	jīné	N	6	денежная сумма, сумма денег
金钱	jīnqián	N	6	деньги; монета; денежный
尽	jìn	V/Adv	6	исчерпать; до предела; максимально
近日	jìnrì	N	6	недавно, в последнее время, на днях
惊人	jīngrén	Adj	6	изумительный; поразительный; потрясающий
惊喜	jīngxǐ	Adj/N	6	восторгаться; восхищаться; сюрприз
精	jīng	Adj	6	тонкий, отборный; искусный; энергия
精美	jīngměi	Adj	6	тонкий, изящный; превосходный
精品	jīngpǐn	N	6	товары высшего качества, эксклюзивные товары
景	jǐng	N	6	вид; пейзаж; сцена
景点	jǐngdiǎn	N	6	живописное место; достопримечательность
净	jìng	Adj/Adv	6	чистый; только, лишь; нетто
酒水	jiǔshuǐ	N	6	напитки (в ресторане)
救命	jiùmìng		6	спасать жизнь; спасательный
救援	jiùyuán	V	6	спасать, выручать
救助	jiùzhù	V	6	спасать, помогать, выручать
就是说	jiùshìshuō		6	а именно, то есть, значит
就算	jiùsuàn	Conj	6	допустим, если даже, пусть, считай
剧	jù	N	6	пьеса; спектакль; сериал; сильный
据	jù	Prep	6	согласно, по (данным); опираться на
捐款	juānkuǎn	N	6	пожертвование; жертвовать деньги
捐赠	juānzèng	V	6	дарить, жертвовать
捐助	juānzhù	V	6	помогать материально
绝	jué	Adj/Adv	6	абсолютно; прерываться; исключительный
绝大多数	juédàduōshù		6	подавляющее большинство
军舰	jūnjiàn	N	6	корабль, военный корабль; гункан
开创	kāichuàng	V	6	основать, создать; начать, открыть
开关	kāiguān	N	6	выключатель; переключатель
开设	kāishè	V	6	основать, учредить, открыть; вводить
开通	kāitōng	V	6	открывать (линию, сервис); подключать
开头	kāitóu	N	6	начало; начальный этап
开夜车	kāiyèchē		6	работать ночью; сидеть допоздна
看管	kānguǎn	V	6	присматривать; охранять
看得见	kàndejiàn	V	6	можно видеть, видимый
看得起	kàndeqǐ	V	6	уважать; считаться
看好	kànhǎo	V	6	хорошо оценивать перспективы; смотреть за
看作	kànzuò	V	6	рассматривать как; принимать за
康复	kāngfù	V	6	восстановить здоровье, выздороветь
考场	kǎochǎng	N	6	экзаменационное помещение
考题	kǎotí	N	6	экзаменационные вопросы
科研	kēyán	V/N	6	научно-исследовательский
客车	kèchē	N	6	пассажирский автобус; пассажирский поезд
肯	kěn	V	6	соглашаться; быть готовым (сделать)
空军	kōngjūn	N	6	военно-воздушные силы; военно-воздушный
口试	kǒushì	V	6	устный экзамен; экзаменоваться устно
扣	kòu	V	6	застёгивать; удерживать (сумму); вычитать
酷	kù	Adj	6	крутой, классный (разг.); жестокий
快车	kuàichē	N	6	скорый поезд, экспресс
宽阔	kuānkuò	Adj	6	широкий, просторный, обширный
矿	kuàng	N	6	руда; шахта, рудник
阔	kuò	Adj	6	широкий; богатый
来往	láiwǎng	V	6	общаться; ходить туда-сюда; контакты
赖	lài	V/Adj	6	полагаться на; отпираться; плохой
蓝领	lánlǐng	N	6	«синий воротничок»
蓝天	lántiān		6	синее небо; небеса; ясный день
牢	láo	Adj	6	крепкий, прочный; надёжный
老乡	lǎoxiāng	N	6	земляк; селяне, крестьяне
冷气	lěngqì	N	6	кондиционер; холодный воздух
冷水	lěngshuǐ	N	6	холодная вода
礼堂	lǐtáng	N	6	зал для торжеств, актовый зал
理	lǐ	V/N	6	разум, логика; заниматься (чем-л.); обращать внимание
理财	lǐcái		6	управлять финансами; инвестировать
影响力	yǐngxiǎnglì	N	6	влияние, действие, воздействие, авторитет
利	lì	N	6	выгода; прибыль; острый
联赛	liánsài	N	6	лиговые соревнования, лиговый турнир
联手	liánshǒu	V	6	объединять усилия; сообща
凉鞋	liángxié	N	6	сандалии, босоножки
两侧	liǎngcè	N	6	обе стороны; по бокам
两手	liǎngshǒu	N	6	обе руки; обеими руками; из рук в руки
聊	liáo	V	6	болтать; беседовать
聊天儿	liáotiānr		6	болтать, общаться, разговаривать
料	liào	V/N	6	материал; предполагать
裂	liè	V	6	трескаться; раскалываться
领取	lǐngqǔ	V	6	получать; выбирать
另	lìng	Pron/Adv	6	другой; отдельно; иначе
留言	liúyán	V/N	6	оставить запись, сообщение; отзыв
流感	liúgǎn	N	6	инфлюэнца, грипп; эпидемический
楼道	lóudào	N	6	коридор, проход, подъезд
楼房	lóufáng	N	6	многоэтажный дом, многоэтажка
陆军	lùjūn	N	6	сухопутные войска; армия
录像	lùxiàng	V/N	6	видеозапись; снимать видео
录音机	lùyīnjī	N	6	магнитофон, звукозаписывающий аппарат
路过	lùguò	V	6	проезжать через..., проездом, транзитом через
旅店	lǚdiàn	N	6	гостиница; постоялый двор
绿化	lǜhuà	V	6	озеленять; озеленение
马车	mǎchē	N	6	конная повозка; карета
埋	mái	V	6	закапывать, зарывать; хоронить
慢车	mànchē	N	6	поезд малой скорости, обычный поезд
盲人	mángrén	N	6	слепой, слепец
梅花	méihuā	N	6	цветы сливы мэйхуа
美容	měiróng	V	6	косметология; уход за внешностью
猛	měng	Adj	6	резкий; сильный; свирепый
棉	mián	N	6	хлопок; вата
面对面	miànduìmiàn		6	в ходе личной встречи, с глазу на глаз
面向	miànxiàng	V	6	быть обращённым к; ориентироваться на
妙	miào	Adj	6	чудесный; замечательный; остроумный
灭	miè	V	6	гаснуть; тушить; уничтожать
民歌	míngē	N	6	народная песня
民工	míngōng	N	6	сезонные рабочие, рабочие-мигранты
民警	mínjǐng	N	6	народная полиция, милиция; милицейский
民意	mínyì	N	6	воля народа, чаяния масс
名义	míngyì	N	6	имя (от имени кого-л.); номинальный
明日	míngrì	N	6	завтра, назавтра, на следующий день
命	mìng	N	6	жизнь; судьба; приказ
磨	mó	V	6	молоть, размалывать; тереть, растирать
没收	mòshōu	V	6	конфисковать, изъять; конфискация
墨水	mòshuǐ	N	6	чернила, краска; грамотность
母	mǔ	Adj/N	6	мать; самка; материнский
母鸡	mǔjī	N	6	курица
母女	mǔnǚ	N	6	мать и дочь
母子	mǔzǐ	N	6	мать и сын
墓	mù	N	6	могила; захоронение; гробница; мавзолей
拿走	názǒu		6	унести, забрать, убрать
奶粉	nǎifěn	N	6	сухое молоко, молочный порошок
奶牛	nǎiniú	N	6	молочная корова, дойная корова
难忘	nánwàng	V	6	трудно забыть; незабываемый
内地	nèidì	N	6	внутренние территории страны
内外	nèiwài	N	6	внутри и снаружи; внутренний и внешний
内衣	nèiyī	N	6	нижнее бельё
能否	néngfǒu	V	6	возможно ли это?
泥	ní	N	6	грязь, слякоть; ил; трясина
扭	niǔ	V	6	поворачивать; вывихнуть; крутить
排行榜	páihángbǎng	N	6	рейтинг, хит-парад, топ лидеров
派出	pàichū		6	направлять; посылать (людей)
判	pàn	V	6	судить; выносить приговор; определять
泡	pào	V/N	6	замачивать; заваривать (чай); пузырь
炮	pào	N	6	пушка; орудие; хлопушка
陪同	péitóng	V	6	сопровождать
配置	pèizhì	V	6	конфигурация; оснащение; размещать
皮球	píqiú	N	6	мяч
偏	piān	Adj/Adv	6	склоняться в сторону; наперекор; пристрастный
品牌	pǐnpái	N	6	бренд, торговая марка; фирменный
聘请	pìnqǐng	V	6	приглашать, предлагать
平方米	píngfāngmǐ	M	6	квадратный метр
平台	píngtái	N	6	платформа; площадка
评	píng	V	6	оценивать; комментировать; рецензировать
评选	píngxuǎn	V	6	отбирать, выдвигать; отбор, выдвижение
屏幕	píngmù	N	6	экран, монитор, дисплей
起点	qǐdiǎn	N	6	исходная точка, отправной пункт, начало
起诉	qǐsù	V	6	подать в суд; возбудить дело
恰好	qiàhǎo	Adv	6	кстати; удачно; к счастью
恰恰	qiàqià	Adv	6	как раз; именно
前方	qiánfāng	N	6	перед; впереди; фронт, передовая
前来	qiánlái	V	6	приезжать, прибывать; офиц. поступать
强盗	qiángdào	N	6	грабитель, бандит, разбойник
强化	qiánghuà	V	6	усиливать; укреплять
强势	qiángshì	N/Adj	6	сильный; напористый; сильная позиция
强壮	qiángzhuàng	Adj/V	6	крепкий, здоровый, сильный
茄子	qiézi	N	6	баклажан
亲属	qīnshǔ	N	6	родственники
亲眼	qīnyǎn	Adv	6	своими глазами, собственными глазами
清	qīng	Adj/V	6	чистый; ясный; полностью
清洁工	qīngjiégōng	N	6	уборщик; дворник
清明节	QīngmíngJié	N	6	праздник Цинмин
清洗	qīngxǐ	V	6	мыть; обмывать, смывать; полоскать
求职	qiúzhí	V	6	искать работу; поиск работы
球拍	qiúpāi	N	6	ракетка
球星	qiúxīng	N	6	звезда спорта (футбола, баскетбола)
球员	qiúyuán	N	6	игрок (команды)
取款	qǔkuǎn	V	6	снимать деньги (со счёта)
取款机	qǔkuǎnjī	N	6	банкомат
去掉	qùdiào		6	убрать; удалить; избавиться
权	quán	N	6	право; власть; полномочия
全力	quánlì	N	6	изо всех сил, всеми силами; все силы
全新	quánxīn	Adj	6	совершенно новый; совсем новый
券	quàn	N	6	талон; билет; купон
却是	quèshì		6	однако; всё же
让座	ràngzuò		6	уступать место
热点	rèdiǎn	N	6	горячая точка; актуальная тема; хот-спот (Wi-Fi)
热水	rèshuǐ	N	6	горячая вода
热水器	rèshuǐqì	N	6	водонагреватель, водоподогреватель
热线	rèxiàn	N	6	горячая линия; колл-центр
人权	rénquán	N	6	права человека, права личности
认同	rèntóng	V	6	признавать; идентифицировать себя; согласие
日夜	rìyè	N	6	сутки; день и ночь, круглые сутки
日语	Rìyǔ	N	6	японский язык
融合	rónghé	V	6	сливаться; объединяться; интеграция
融入	róngrù		6	влиться в, вписаться в, сливаться с
如	rú	V/Conj	6	как, подобно; если; например
如一	rúyī	V	6	неизменно; одинаково
乳制品	rǔzhìpǐn	N	6	молочные продукты
入	rù	V	6	входить; въезжать; влезать, проникать
入学	rùxué		6	поступать в школу; приступать к занятиям
若	ruò	Conj	6	если; словно
塞	sāi	V	6	затыкать; засовывать; пробка
赛	sài	V	6	соревнование; состязаться
赛场	sàichǎng	N	6	стадион; спортивная арена
三明治	sānmíngzhì	N	6	сэндвич, сандвич
山峰	shānfēng	N	6	вершина горы, горный пик
山谷	shāngǔ	N	6	ущелье; горная долина
山坡	shānpō	N	6	склон горы, откос
伤口	shāngkǒu	N	6	рана
伤亡	shāngwáng	V/N	6	травма или смерть, убитые и раненые
伤员	shāngyuán	N	6	раненый
商城	shāngchéng	N	6	торговый центр; торговый комплекс
上帝	Shàngdì	N	6	Бог; Господь
上市	shàngshì		6	выходить на рынок; выходить на биржу (IPO)
上台	shàngtái		6	выходить на сцену, подниматься на трибуну
上演	shàngyǎn	V	6	ставить (спектакль); показывать (фильм)
勺	sháo	N	6	черпак, ложка, половник
少儿	shàoér	N	6	дети (младшего возраста); детский
设计师	shèjìshī	N	6	дизайнер, проектировщик, конструктор
深化	shēnhuà	V	6	углублять(ся)
深深	shēnshēn		6	глубоко; сильно
升级	shēngjí		6	обновление (версии); повышение уровня; апгрейд
升学	shēngxué		6	поступать в учебное заведение следующей ступени
升值	shēngzhí	V	6	подниматься в цене; становиться дороже
生活费	shēnghuófèi	N	6	расходы на жизнь; стоимость жизни
省钱	shěngqián		6	экономить деньги; экономия
圣诞节	ShèngdànJié	N	6	Рождество
师父	shīfu	N	6	мастер; учитель, наставник
师生	shīshēng	N	6	учитель и ученики
时节	shíjié	N	6	сезон, период; время; время, момент
时时	shíshí	Adv	6	ежечасно; часто, постоянно
识	shí	V	6	знать; распознавать; знания
识字	shízì		6	быть грамотным; грамотность
食欲	shíyù	N	6	аппетит, желание есть
市民	shìmín	N	6	городское население, горожане
事后	shìhòu	N	6	после (события); впоследствии; постфактум
试点	shìdiǎn	V/N	6	пилотный проект; экспериментальный
适当	shìdàng	Adj	6	подходящий; надлежащий; целесообразный
收取	shōuqǔ	V	6	получать, взимать; собирать
收养	shōuyǎng	V	6	взять на воспитание; взять под опеку
手续费	shǒuxùfèi	N	6	комиссионный сбор, гонорар за услуги
首次	shǒucì		6	впервые; первый
首脑	shǒunǎo	N	6	глава (государства); лидер
首席	shǒuxí	N/Adj	6	главный; первый (首席执行官)
首相	shǒuxiàng	N	6	премьер-министр
书房	shūfáng	N	6	кабинет (рабочая комната)
薯片	shǔpiàn	N	6	картофельные чипсы, хрустящий картофель
薯条	shǔtiáo	N	6	картофель фри
双打	shuāngdǎ	N	6	парный разряд (в спорте)
爽	shuǎng	Adj	6	приятный, освежающий; кайфовый (разг.)
顺	shùn	Adj/V/Prep	6	вдоль, по; гладко, благополучно; попутно
说明书	shuōmíngshū	N	6	инструкция (по применению)
说实话	shuōshíhuà		6	честно говоря; говорить правду
司长	sīzhǎng	N	6	начальник департамента; зав. отделом
四处	sìchù	N	6	везде, повсюду, повсеместно, во все стороны
寺	sì	N	6	буддийский храм, монастырь
送礼	sònglǐ		6	приносить дары, посылать подарки
送行	sòngxíng		6	провожать; устраивать проводы
算是	suànshì	Adv	6	считаться; можно сказать, что
虽	suī	Conj	6	хотя; хоть
岁数	suìshu	N	6	возраст, годы, лет; число лет
踏	tà	V	6	ступать; наступать (ногой)
台灯	táidēng	N	6	настольная лампа
太阳能	tàiyángnéng	N	6	солнечная энергия
特	tè	Adv	6	особый; специально; особенно
特大	tèdà	Adj	6	гигантский; пребольшой; особенно большой
特地	tèdì	Adv	6	специально, нарочно; намеренно
特快	tèkuài	Adj	6	экспресс; сверхскорый
疼痛	téngtòng	Adj	6	боль; болеть
提交	tíjiāo	V	6	подавать (документы); представлять на рассмотрение
提升	tíshēng	V	6	повышать; продвигать; улучшать
天然	tiānrán	Adj	6	природный; натуральный
天下	tiānxià	N	6	Поднебесная; весь мир
添	tiān	V	6	добавить, дополнить
田	tián	N	6	поле; земля, земельный надел
跳水	tiàoshuǐ	V	6	прыжки в воду; нырять
听取	tīngqǔ	V	6	выслушивать (мнение, отчёт)
通报	tōngbào	V/N	6	уведомлять, сообщать, информировать, извещать
通道	tōngdào	N	6	проход; коридор; канал
通红	tōnghóng	Adj	6	ярко-красный, алый, сплошь красный
通话	tōnghuà		6	говорить по телефону, связаться по телефону
通行	tōngxíng	V	6	проходить (по дороге); общепринятый
同	tóng	Adj/Adv/Prep	6	одинаковый; вместе с; и
同行	tóngháng	N	6	коллега (по профессии); идти вместе (tóngxíng)
同期	tóngqī	N	6	соответствующий период; тот же период
同一	tóngyī	Adj	6	одинаковый, тождественный, идентичный
铜牌	tóngpái	N	6	бронзовая медаль
头疼	tóuténg	Adj	6	головная боль; голова болит
透露	tòulù	V	6	раскрывать (информацию); просачиваться
图书	túshū	N	6	книги; литература
团队	tuánduì	N	6	команда; коллектив
推出	tuīchū	V	6	презентовать, выпускать; рекомендовать
退票	tuìpiào		6	возвращать билет; возврат билета
吞	tūn	V	6	глотать, проглатывать
托	tuō	V	6	поддерживать (снизу); поручать; поднос
拖	tuō	V	6	тянуть, тащить; техн. тяга; волочить
拖鞋	tuōxié	N	6	шлёпанцы; домашние тапочки, тапки
挖	wā	V	6	копать; рыть; выкапывать
外币	wàibì	N	6	иностранная валюта
外部	wàibù	N	6	внешняя сторона; наружная часть
外出	wàichū	V	6	выходить (из дома); выезжать
外观	wàiguān	N	6	вид, внешность, облик, оформление
外科	wàikē	N	6	хирургия, хирургическое отделение
外来	wàilái	Adj	6	посторонний, чужеземный, поступивший извне
外头	wàitou	N	6	снаружи; на улице
外衣	wàiyī	N	6	верхняя одежда; пальто
外资	wàizī	N	6	иностранный капитал
弯曲	wānqū	Adj	6	изогнутый; извилистый; изгибаться
顽皮	wánpí	Adj	6	непослушный; балованый, озорной
王后	wánghòu	N	6	царица; королева
网吧	wǎngbā	N	6	интернет-кафе, интернет-клуб
网页	wǎngyè	N	6	веб-страница
往后	wǎnghòu	N	6	в дальнейшем; впредь; назад
往来	wǎnglái	V	6	общаться; контакты; ходить туда-сюда
往年	wǎngnián	N	6	в прежние годы; в былые времена
望见	wàngjiàn		6	увидеть издалека
微波炉	wēibōlú	N	6	микроволновая печь, разг. микроволновка
为此	wèicǐ	Conj	6	поэтому, вследствие этого; из-за этого
为何	wèihé	Adv	6	отчего, из-за чего, почему; зачем
文娱	wényú	N	6	культура и развлечения
卧铺	wòpù	N	6	спальное место
乌云	wūyún	N	6	тёмные тучи
无边	wúbiān	V	6	безграничный; бескрайний
无关	wúguān	V	6	не иметь отношения, не иметь ничего общего
无效	wúxiào	V	6	неэффективный, безрезультатный, бесполезный
物品	wùpǐn	N	6	вещь, предмет; изделие, продукт; товар
误	wù	V	6	ошибка; опоздать (на поезд); задерживать
西班牙语	Xībānyáyǔ	N	6	испанский язык
吸毒	xīdú		6	употреблять наркотики; наркомания
洗衣粉	xǐyīfěn	N	6	стиральный порошок
戏曲	xìqǔ	N	6	традиционная китайская опера
先锋	xiānfēng	N	6	передовой отряд; авангард
显出	xiǎnchū		6	обнаружить, проявить, выявить
险	xiǎn	Adj	6	опасный; риск; едва не
线路	xiànlù	N	6	трасса, маршрут, линия, путь; цепь
响声	xiǎngshēng	N	6	звучание; звук; отзвук; гул, грохот; шум
想不到	xiǎngbudào	V	6	не догадаться; невдомёк
小费	xiǎofèi	N	6	чаевые
小于	xiǎoyú	V	6	меньше чем, менее чем
晓得	xiǎode	V	6	знать, понимать, разуметь; понял!
笑脸	xiàoliǎn	N	6	улыбка; улыбающееся лицо; смайл
笑容	xiàoróng	N	6	улыбающееся лицо; улыбка; усмешка
笑声	xiàoshēng	N	6	смех, хохот
写字楼	xiězìlóu	N	6	офисное здание, конторское здание; офис
写字台	xiězìtái	N	6	письменный стол, бюро
心愿	xīnyuàn	N	6	заветное желание; мечта
心脏病	xīnzàngbìng	N	6	болезнь сердца
新人	xīnrén	N	6	новичок; молодожёны
新兴	xīnxīng	Adj	6	новый; зарождающийся; поднимающийся
信用	xìnyòng	N	6	кредит; доверие; репутация
行程	xíngchéng	N	6	маршрут; расписание поездки
形	xíng	N	6	форма, вид, облик, образ
凶	xiōng	Adj	6	свирепый; злой; ужасный; несчастье
修车	xiūchē		6	чинить машину
袖珍	xiùzhēn	Adj	6	мелкий, маленький, миниатюрный
悬	xuán	V	6	висеть; нерешённый; опасный
学会	xuéhuì	N	6	научиться; освоить; научное общество
学员	xuéyuán	N	6	курсант, учащийся
血管	xuèguǎn	N	6	кровеносный сосуд, ангио
血液	xuèyè	N	6	кровь; крово
沿	yán	Prep	6	вдоль; по; край
沿着	yánzhe		6	вдоль, по, следуя; в, к
研发	yánfā	V	6	исследования и разработки
眼看	yǎnkàn	V/Adv	6	вот-вот; на глазах; смотреть
洋	yáng	Adj	6	океан; иностранный; заграничный
仰	yǎng	V	6	поднимать голову; смотреть вверх; полагаться
养老	yǎnglǎo		6	обеспечивать старость; уход за пожилыми
样	yàng	N/M	6	вид; образец; сч. слово для видов
药品	yàopǐn	N	6	лекарственное средство, лекарство
要好	yàohǎo	Adj	6	дружить; близкий (о друзьях)
要么	yàome	Conj	6	или, либо, или лучше всего
野	yě	Adj	6	дикий; поле; грубый
野生	yěshēng	Adj	6	дикий; дикорастущий
医药	yīyào	N	6	медицина и лекарства; фармацевтический
一次性	yīcìxìng	Adj	6	одноразовый; единовременный
一代	yīdài	N	6	поколение; эпоха; династия; в ту эпоху
一道	yīdào	Adv	6	по пути, тем же путём; вместе, сообща
一路上	yīlùshang		6	весь путь, вся дорога; по пути
一番	yīfān		6	разок; некоторое (количество); один раз
一模一样	yīmúyīyàng		6	совершенно одинаковые, один в один
一齐	yīqí	Adv	6	вместе, разом, дружно, одновременно; все
一时	yīshí	N/Adv	6	на время; на какой-то момент; временно
一同	yītóng	Adv	6	вместе, совместно, заодно; сообща
一行	yīxíng	N	6	группа (делегация); строка
艺人	yìrén	N	6	артист; актёр; исполнитель
议题	yìtí	N	6	тема обсуждения; повестка
意想不到	yìxiǎngbùdào		6	неожиданный, непредвиденный
意愿	yìyuàn	N	6	желание; намерение
因	yīn	Prep/Conj	6	из-за; причина; потому что
阴影	yīnyǐng	N	6	тень; мрачное впечатление
音量	yīnliàng	N	6	сила звука; громкость
音像	yīnxiàng	N	6	аудиовизуальный
隐藏	yǐncáng	V	6	скрыть, спрятать; утаить
印	yìn	V	6	печатать; печать; след
迎来	yínglái		6	встречать (приход, наступление)
影迷	yǐngmí	N	6	киноман; фанат кино
影星	yǐngxīng	N	6	кинозвезда
应对	yìngduì	V	6	реагировать; справляться с
应急	yìngjí		6	экстренный; аварийный
用处	yòngchù	N	6	польза, прок
用得着	yòngdezháo	V	6	пригодится; нужен
用法	yòngfǎ	N	6	способ употребления, метод использования
用品	yòngpǐn	N	6	принадлежности, утварь; предметы обихода
用心	yòngxīn	N	6	старательно; с душой; намерение
优质	yōuzhì	Adj	6	высококачественный; высокого качества
游人	yóurén	N	6	турист; экскурсант
游玩	yóuwán	V	6	гулять; развлекаться
游戏机	yóuxìjī	N	6	игровое устройство
游行	yóuxíng	V	6	демонстрация; шествие
有关	yǒuguān	V	6	касаться, иметь отношение, затрагивать
有没有	yǒuméiyǒu		6	есть или нет, есть ли
有事	yǒushì	V	6	быть занятым; по делу; есть дело
于	yú	Prep	6	в, на, к (предлог); чем
宇航员	yǔhángyuán	N	6	космонавт; астронавт
雨衣	yǔyī	N	6	дождевик; плащ
预约	yùyuē	V	6	записываться (на приём); бронировать
园	yuán	N	6	сад; парк
园地	yuándì	N	6	садовый участок; поле деятельности; рубрика
原	yuán	Adj	6	исходный; прежний; равнина
圆珠笔	yuánzhūbǐ	N	6	шариковая авторучка
援助	yuánzhù	V	6	помогать, оказывать помощь, поддерживать
远方	yuǎnfāng	N	6	далёкие края; удалённое место; далёкий
远离	yuǎnlí	V	6	держаться подальше; далеко от
远远	yuǎnyuǎn		6	далеко; намного
约定	yuēdìng	V	6	договориться; обещание, обещать
乐曲	yuèqǔ	N	6	музыкальное произведение; мелодия
运作	yùnzuò	V	6	работать, функционировать
晕车	yùnchē		6	укачиваться, укачивает
杂	zá	Adj	6	смешанный, неоднородный, разнородный
再生	zàishēng	V	6	переработка (вторсырья); возрождаться
再说	zàishuō	V/Conj	6	к тому же; потом посмотрим
遭到	zāodào		6	подвергнуться; испытать
早晚	zǎowǎn	N/Adv	6	рано или поздно; утром и вечером
增进	zēngjìn	V	6	усиливать; продвижение; продвигаться
增值	zēngzhí	V	6	прирост стоимости; дорожать
炸	zhà	V	6	взрываться; жарить во фритюре (zhá)
炸弹	zhàdàn	N	6	бомба
炸药	zhàyào	N	6	взрывчатое вещество, ВВ, взрывчатка
债	zhài	N	6	долг; заём; обязательство
战场	zhànchǎng	N	6	поле боя
战友	zhànyǒu	N	6	боевой товарищ; соратник
站台	zhàntái	N	6	платформа; перрон
章	zhāng	M	6	глава; печать; знак
秘书长	mìshūzhǎng	N	6	начальник секретариата, старший секретарь
掌声	zhǎngshēng	N	6	аплодисменты, рукоплескания, хлопки
账	zhàng	N	6	счёт; аккаунт
招	zhāo	V	6	манить рукой; набирать (сотрудников); приём
这就是说	zhèjiùshìshuō		6	иначе сказать, одним словом, короче говоря
镇	zhèn	V/N	6	посёлок; подавлять; успокаивать
整治	zhěngzhì	V	6	привести в порядок; починить
政党	zhèngdǎng	N	6	политическая партия
之类	zhīlèi	N	6	такие, как; и им подобные, вроде
知名	zhīmíng	Adj	6	известный, видный, знаменитый
织	zhī	V	6	ткать, вязать, плести
直升机	zhíshēngjī	N	6	вертолёт, геликоптер
职责	zhízé	N	6	обязанность; функция; обязательство
止	zhǐ	V	6	останавливаться; прекращать; до (по)
只得	zhǐdé	Adv	6	остаётся лишь; ничего не остаётся, как
只顾	zhǐgù	Adv	6	заботиться только о; знай себе
只管	zhǐguǎn	Adv	6	спокойно, смело (делай); только и знать
指数	zhǐshù	N	6	показатель; индекс; экспонента
指头	zhǐtou	N	6	палец
指着	zhǐzhe		6	указывая на; рассчитывать на
治病	zhìbìng		6	лечить
中等	zhōngděng	Adj	6	средний, рядовой, обычный
中华	Zhōnghuá	N	6	Китай (Чжунхуа); китайский
中期	zhōngqī	N	6	средний период, середина; промежуточный
中外	zhōngwài	N	6	Китай и иностранные государства
忠心	zhōngxīn	N	6	преданность; верность
钟头	zhōngtóu	N	6	час
肿	zhǒng	V	6	опухать; опухший
种种	zhǒngzhǒng	Pron	6	всевозможный, всякого рода
珠宝	zhūbǎo	N	6	жемчуг; драгоценность, ювелирные изделия
主持人	zhǔchírén	N	6	ведущий; распорядитель, председатель
主角	zhǔjué	N	6	главный герой; главная роль
驻	zhù	V	6	быть расположенным (о войсках); пребывать в
柱子	zhùzi	N	6	колонна, столб; стойка кузова
祝愿	zhùyuàn	V	6	желать, выражать пожелание; пожелание
专用	zhuānyòng	V	6	специального назначения; специальный
赚钱	zhuànqián		6	зарабатывать деньги; получать прибыль
捉	zhuō	V	6	ловить; хватать
自来水	zìláishuǐ	N	6	водопроводная вода; водопровод
自我	zìwǒ	Pron	6	сам, себя; само-, эго-; индивидуальный
自学	zìxué	V	6	самообразование, самообучение, самоподготовка
自言自语	zìyánzìyǔ		6	разговаривать с самим собой
自在	zìzai	Adj	6	свободный; непринуждённый; комфортно
总部	zǒngbù	N	6	штаб-квартира; главный офис
总监	zǒngjiān	N	6	директор (по направлению); главный инспектор
总经理	zǒngjīnglǐ	N	6	генеральный директор, президент
总量	zǒngliàng	N	6	общее количество, общий объём; сумма
奏	zòu	V	6	играть (на инструменте); исполнять музыку
租金	zūjīn	N	6	арендная плата; рента
足	zú	Adj/Adv	6	нога; достаточный; вполне
族	zú	N/Suffix	6	род; народность; группа людей (上班族)
上班族	shàngbānzú	N	6	офисные работники; работающие люди
祖母	zǔmǔ	N	6	бабушка
钻	zuān	V	6	сверлить; пролезать; алмаз (zuàn)
最佳	zuìjiā	Adj	6	лучший, наилучший, оптимальный
最终	zuìzhōng	N	6	финальный, конечный, окончательный
罪	zuì	N	6	преступление; вина; грех; проступок
罪恶	zuìè	N	6	злодеяния, преступления; преступный
作	zuò	V	6	делать; писать (произведение); работать
作战	zuòzhàn	V	6	воевать, сражаться, вести войну
座谈会	zuòtánhuì	N	6	круглый стол; беседа; симпозиум
